userId,movieId,rating,timestamp,title,genres
1,2,3.5,2005-04-02 23:53:47,Jumanji (1995),Adventure|Children|Fantasy
1,29,3.5,2005-04-02 23:31:16,"City of Lost Children, The (Cité des enfants perdus, La) (1995)",Adventure|Drama|Fantasy|Mystery|Sci-Fi
1,32,3.5,2005-04-02 23:33:39,Twelve Monkeys (a.k.a. 12 Monkeys) (1995),Mystery|Sci-Fi|Thriller
1,47,3.5,2005-04-02 23:32:07,Seven (a.k.a. Se7en) (1995),Mystery|Thriller
1,50,3.5,2005-04-02 23:29:40,"Usual Suspects, The (1995)",Crime|Mystery|Thriller
1,112,3.5,2004-09-10 03:09:00,Rumble in the Bronx (Hont faan kui) (1995),Action|Adventure|Comedy|Crime
1,151,4.0,2004-09-10 03:08:54,Rob Roy (1995),Action|Drama|Romance|War
1,223,4.0,2005-04-02 23:46:13,Clerks (1994),Comedy
1,253,4.0,2005-04-02 23:35:40,Interview with the Vampire: The Vampire Chronicles (1994),Drama|Horror
1,260,4.0,2005-04-02 23:33:46,Star Wars: Episode IV - A New Hope (1977),Action|Adventure|Sci-Fi
1,293,4.0,2005-04-02 23:31:43,Léon: The Professional (a.k.a. The Professional) (Léon) (1994),Action|Crime|Drama|Thriller
1,296,4.0,2005-04-02 23:32:47,Pulp Fiction (1994),Comedy|Crime|Drama|Thriller
1,318,4.0,2005-04-02 23:33:18,"Shawshank Redemption, The (1994)",Crime|Drama
1,337,3.5,2004-09-10 03:08:29,What's Eating Gilbert Grape (1993),Drama
1,367,3.5,2005-04-02 23:53:00,"Mask, The (1994)",Action|Comedy|Crime|Fantasy
1,541,4.0,2005-04-02 23:30:03,Blade Runner (1982),Action|Sci-Fi|Thriller
1,589,3.5,2005-04-02 23:45:57,Terminator 2: Judgment Day (1991),Action|Sci-Fi
1,593,3.5,2005-04-02 23:31:01,"Silence of the Lambs, The (1991)",Crime|Horror|Thriller
1,653,3.0,2004-09-10 03:08:11,Dragonheart (1996),Action|Adventure|Fantasy
1,919,3.5,2004-09-10 03:07:01,"Wizard of Oz, The (1939)",Adventure|Children|Fantasy|Musical
1,924,3.5,2004-09-10 03:06:38,2001: A Space Odyssey (1968),Adventure|Drama|Sci-Fi
1,1009,3.5,2005-04-02 23:53:33,Escape to Witch Mountain (1975),Adventure|Children|Fantasy
1,1036,4.0,2005-04-02 23:44:40,Die Hard (1988),Action|Crime|Thriller
1,1079,4.0,2004-09-10 03:07:45,"Fish Called Wanda, A (1988)",Comedy|Crime
1,1080,3.5,2005-04-02 23:42:55,Monty Python's Life of Brian (1979),Comedy
1,1089,3.5,2005-04-02 23:31:09,Reservoir Dogs (1992),Crime|Mystery|Thriller
1,1090,4.0,2005-04-02 23:44:13,Platoon (1986),Drama|War
1,1097,4.0,2005-04-02 23:48:21,E.T. the Extra-Terrestrial (1982),Children|Drama|Sci-Fi
1,1136,3.5,2005-04-02 23:30:09,Monty Python and the Holy Grail (1975),Adventure|Comedy|Fantasy
1,1193,3.5,2005-04-02 23:31:30,One Flew Over the Cuckoo's Nest (1975),Drama
1,1196,4.5,2005-04-02 23:32:22,Star Wars: Episode V - The Empire Strikes Back (1980),Action|Adventure|Sci-Fi
1,1198,4.5,2005-04-02 23:30:24,Raiders of the Lost Ark (Indiana Jones and the Raiders of the Lost Ark) (1981),Action|Adventure
1,1200,4.0,2005-04-02 23:29:20,Aliens (1986),Action|Adventure|Horror|Sci-Fi
1,1201,3.0,2005-04-02 23:30:42,"Good, the Bad and the Ugly, The (Buono, il brutto, il cattivo, Il) (1966)",Action|Adventure|Western
1,1208,3.5,2005-04-02 23:33:35,Apocalypse Now (1979),Action|Drama|War
1,1214,4.0,2004-09-10 03:12:57,Alien (1979),Horror|Sci-Fi
1,1215,4.0,2004-09-10 03:14:42,Army of Darkness (1993),Action|Adventure|Comedy|Fantasy|Horror
1,1217,3.5,2005-04-02 23:33:30,Ran (1985),Drama|War
1,1219,4.0,2004-09-10 03:13:14,Psycho (1960),Crime|Horror
1,1222,3.5,2005-04-02 23:30:37,Full Metal Jacket (1987),Drama|War
1,1240,4.0,2005-04-02 23:43:21,"Terminator, The (1984)",Action|Sci-Fi|Thriller
1,1243,3.0,2005-04-02 23:46:07,Rosencrantz and Guildenstern Are Dead (1990),Comedy|Drama
1,1246,3.5,2004-09-10 03:09:19,Dead Poets Society (1989),Drama
1,1249,4.0,2005-04-02 23:43:02,"Femme Nikita, La (Nikita) (1990)",Action|Crime|Romance|Thriller
1,1258,4.0,2004-09-10 03:13:14,"Shining, The (1980)",Horror
1,1259,4.0,2005-04-02 23:44:00,Stand by Me (1986),Adventure|Drama
1,1261,3.5,2004-09-10 03:15:13,Evil Dead II (Dead by Dawn) (1987),Action|Comedy|Fantasy|Horror
1,1262,3.5,2005-04-02 23:32:15,"Great Escape, The (1963)",Action|Adventure|Drama|War
1,1266,4.0,2005-04-02 23:42:51,Unforgiven (1992),Drama|Western
1,1278,4.0,2004-09-10 03:13:06,Young Frankenstein (1974),Comedy|Fantasy
1,1291,3.5,2005-04-02 23:45:25,Indiana Jones and the Last Crusade (1989),Action|Adventure
1,1304,3.0,2004-09-10 03:08:40,Butch Cassidy and the Sundance Kid (1969),Action|Western
1,1321,4.0,2004-09-10 03:14:22,"American Werewolf in London, An (1981)",Comedy|Horror|Thriller
1,1333,4.0,2005-04-02 23:36:30,"Birds, The (1963)",Horror|Thriller
1,1348,3.5,2004-09-10 03:14:16,"Nosferatu (Nosferatu, eine Symphonie des Grauens) (1922)",Horror
1,1350,3.5,2004-09-10 03:15:58,"Omen, The (1976)",Horror|Mystery|Thriller
1,1358,4.0,2005-04-02 23:43:39,Sling Blade (1996),Drama
1,1370,3.0,2004-09-10 03:09:24,Die Hard 2 (1990),Action|Adventure|Thriller
1,1374,4.0,2004-09-10 03:09:06,Star Trek II: The Wrath of Khan (1982),Action|Adventure|Sci-Fi|Thriller
1,1387,4.0,2005-04-02 23:35:13,Jaws (1975),Action|Horror
1,1525,3.0,2005-04-02 23:55:50,Warriors of Virtue (1997),Action|Adventure|Children|Fantasy
1,1584,3.5,2004-09-10 03:07:36,Contact (1997),Drama|Sci-Fi
1,1750,3.5,2005-04-02 23:56:41,Star Kid (1997),Adventure|Children|Fantasy|Sci-Fi
1,1848,3.5,2005-04-02 23:53:52,"Borrowers, The (1997)",Adventure|Children|Comedy|Fantasy
1,1920,3.5,2005-04-02 23:54:58,Small Soldiers (1998),Animation|Children|Fantasy|War
1,1967,4.0,2005-04-02 23:48:59,Labyrinth (1986),Adventure|Fantasy|Musical
1,1994,3.5,2004-09-10 03:14:47,Poltergeist (1982),Horror|Thriller
1,1997,3.5,2004-09-10 03:13:54,"Exorcist, The (1973)",Horror|Mystery
1,2021,4.0,2005-04-02 23:52:09,Dune (1984),Adventure|Sci-Fi
1,2100,4.0,2005-04-02 23:52:35,Splash (1984),Comedy|Fantasy|Romance
1,2118,4.0,2004-09-10 03:14:52,"Dead Zone, The (1983)",Thriller
1,2138,4.0,2005-04-02 23:49:49,Watership Down (1978),Adventure|Animation|Children|Drama|Fantasy
1,2140,4.0,2005-04-02 23:48:25,"Dark Crystal, The (1982)",Adventure|Fantasy
1,2143,4.0,2005-04-02 23:52:31,Legend (1985),Adventure|Fantasy|Romance
1,2173,4.0,2005-04-02 23:51:27,"Navigator: A Mediaeval Odyssey, The (1988)",Adventure|Fantasy|Sci-Fi
1,2174,4.0,2005-04-02 23:50:43,Beetlejuice (1988),Comedy|Fantasy
1,2193,4.0,2005-04-02 23:49:13,Willow (1988),Action|Adventure|Fantasy
1,2194,3.5,2005-04-02 23:44:46,"Untouchables, The (1987)",Action|Crime|Drama
1,2253,3.5,2005-04-02 23:55:22,Toys (1992),Comedy|Fantasy
1,2288,4.0,2004-09-10 03:14:37,"Thing, The (1982)",Action|Horror|Sci-Fi|Thriller
1,2291,4.0,2004-09-10 03:09:37,Edward Scissorhands (1990),Drama|Fantasy|Romance
1,2542,4.0,2005-04-02 23:44:07,"Lock, Stock & Two Smoking Barrels (1998)",Comedy|Crime|Thriller
1,2628,4.0,2005-04-02 23:53:08,Star Wars: Episode I - The Phantom Menace (1999),Action|Adventure|Sci-Fi
1,2644,3.5,2005-04-02 23:36:34,Dracula (1931),Horror
1,2648,3.5,2004-09-10 03:13:37,Frankenstein (1931),Drama|Horror|Sci-Fi
1,2664,3.5,2004-09-10 03:15:48,Invasion of the Body Snatchers (1956),Horror|Sci-Fi|Thriller
1,2683,3.5,2004-09-10 03:07:30,Austin Powers: The Spy Who Shagged Me (1999),Action|Adventure|Comedy
1,2692,3.5,2005-04-02 23:32:29,Run Lola Run (Lola rennt) (1998),Action|Crime
1,2716,3.5,2004-09-10 03:13:32,Ghostbusters (a.k.a. Ghost Busters) (1984),Action|Comedy|Sci-Fi
1,2761,3.0,2005-04-02 23:32:39,"Iron Giant, The (1999)",Adventure|Animation|Children|Drama|Sci-Fi
1,2762,4.0,2005-04-02 23:42:47,"Sixth Sense, The (1999)",Drama|Horror|Mystery
1,2804,3.5,2005-04-02 23:43:34,"Christmas Story, A (1983)",Children|Comedy
1,2872,4.0,2005-04-02 23:48:17,Excalibur (1981),Adventure|Fantasy
1,2918,3.5,2005-04-02 23:44:25,Ferris Bueller's Day Off (1986),Comedy
1,2944,4.0,2005-04-02 23:43:53,"Dirty Dozen, The (1967)",Action|Drama|War
1,2947,3.5,2005-04-02 23:46:20,Goldfinger (1964),Action|Adventure|Thriller
1,2959,4.0,2004-09-10 03:08:18,Fight Club (1999),Action|Crime|Drama|Thriller
1,2968,4.0,2005-04-02 23:50:25,Time Bandits (1981),Adventure|Comedy|Fantasy|Sci-Fi
1,3000,3.5,2005-04-02 23:29:29,Princess Mononoke (Mononoke-hime) (1997),Action|Adventure|Animation|Drama|Fantasy
1,3030,3.0,2005-04-02 23:29:08,Yojimbo (1961),Action|Adventure
1,3037,3.5,2005-04-02 23:46:03,Little Big Man (1970),Western
1,3081,4.0,2004-09-10 03:15:43,Sleepy Hollow (1999),Fantasy|Horror|Mystery|Romance
1,3153,4.0,2005-04-02 23:50:16,"7th Voyage of Sinbad, The (1958)",Action|Adventure|Fantasy
1,3265,3.5,2005-04-02 23:28:45,Hard-Boiled (Lat sau san taam) (1992),Action|Crime|Drama|Thriller
1,3438,3.5,2005-04-02 23:54:54,Teenage Mutant Ninja Turtles (1990),Action|Children|Comedy|Fantasy|Sci-Fi
1,3476,3.5,2004-09-10 03:15:39,Jacob's Ladder (1990),Horror|Mystery
1,3479,4.0,2005-04-02 23:48:54,Ladyhawke (1985),Adventure|Fantasy|Romance
1,3489,4.0,2005-04-02 23:53:44,Hook (1991),Adventure|Comedy|Fantasy
1,3499,4.0,2005-04-02 23:35:18,Misery (1990),Drama|Horror|Thriller
1,3889,4.0,2005-04-02 23:55:38,Highlander: Endgame (Highlander IV) (2000),Action|Adventure|Fantasy
1,3932,3.0,2004-09-10 03:16:12,"Invisible Man, The (1933)",Horror|Sci-Fi
1,3996,4.0,2004-09-10 03:08:47,"Crouching Tiger, Hidden Dragon (Wo hu cang long) (2000)",Action|Drama|Romance
1,3997,3.5,2005-04-02 23:56:32,Dungeons & Dragons (2000),Adventure|Fantasy
1,4011,4.0,2005-04-02 23:43:26,Snatch (2000),Comedy|Crime|Thriller
1,4027,4.0,2005-04-02 23:44:20,"O Brother, Where Art Thou? (2000)",Adventure|Comedy|Crime
1,4105,3.5,2004-09-10 03:15:04,"Evil Dead, The (1981)",Fantasy|Horror|Thriller
1,4128,4.0,2005-04-02 23:35:33,"Lost Boys, The (1987)",Comedy|Horror|Thriller
1,4133,3.0,2005-04-02 23:56:09,Masters of the Universe (1987),Action|Adventure|Fantasy|Sci-Fi
1,4226,3.5,2005-04-02 23:28:13,Memento (2000),Mystery|Thriller
1,4306,4.0,2004-09-10 03:09:44,Shrek (2001),Adventure|Animation|Children|Comedy|Fantasy|Romance
1,4446,3.5,2005-04-02 23:52:50,Final Fantasy: The Spirits Within (2001),Adventure|Animation|Fantasy|Sci-Fi
1,4467,4.0,2005-04-02 23:50:22,"Adventures of Baron Munchausen, The (1988)",Adventure|Comedy|Fantasy
1,4571,4.0,2005-04-02 23:51:20,Bill & Ted's Excellent Adventure (1989),Adventure|Comedy|Sci-Fi
1,4720,3.5,2004-09-10 03:13:28,"Others, The (2001)",Drama|Horror|Mystery|Thriller
1,4754,4.0,2005-04-02 23:36:23,"Wicker Man, The (1973)",Drama|Horror|Mystery|Thriller
1,4878,3.5,2005-04-02 23:28:57,Donnie Darko (2001),Drama|Mystery|Sci-Fi|Thriller
1,4896,4.0,2005-04-02 23:48:51,Harry Potter and the Sorcerer's Stone (a.k.a. Harry Potter and the Philosopher's Stone) (2001),Adventure|Children|Fantasy
1,4911,4.0,2005-04-02 23:52:41,Jabberwocky (1977),Adventure|Comedy|Fantasy
1,4915,3.0,2005-04-02 23:54:36,"Beastmaster, The (1982)",Action|Adventure|Fantasy
1,4941,3.5,2005-04-02 23:53:27,Flash Gordon (1980),Action|Adventure|Sci-Fi
1,4980,3.5,2005-04-02 23:54:15,Bill & Ted's Bogus Journey (1991),Adventure|Comedy|Fantasy|Sci-Fi
1,4993,5.0,2005-04-02 23:31:22,"Lord of the Rings: The Fellowship of the Ring, The (2001)",Adventure|Fantasy
1,5026,4.0,2005-04-02 23:50:58,"Brotherhood of the Wolf (Pacte des loups, Le) (2001)",Action|Mystery|Thriller
1,5039,4.0,2005-04-02 23:51:38,Dragonslayer (1981),Action|Adventure|Fantasy
1,5040,3.0,2005-04-02 23:54:46,Conan the Destroyer (1984),Action|Adventure|Fantasy
1,5146,3.5,2004-09-10 03:15:32,Vampire Hunter D: Bloodlust (Banpaia hantâ D) (2000),Animation|Fantasy|Horror|Sci-Fi
1,5171,4.0,2005-04-02 23:55:04,"Time Machine, The (2002)",Action|Adventure|Sci-Fi
1,5540,4.0,2005-04-02 23:51:45,Clash of the Titans (1981),Action|Adventure|Fantasy|Romance
1,5679,3.5,2004-09-10 03:15:08,"Ring, The (2002)",Horror|Mystery|Thriller
1,5797,4.0,2005-04-02 23:51:11,"Company of Wolves, The (1984)",Fantasy|Horror
1,5816,4.0,2005-04-02 23:48:40,Harry Potter and the Chamber of Secrets (2002),Adventure|Fantasy
1,5898,3.5,2005-04-02 23:53:22,"Sword and the Sorcerer, The (1982)",Action|Adventure|Fantasy
1,5952,5.0,2005-04-02 23:30:19,"Lord of the Rings: The Two Towers, The (2002)",Adventure|Fantasy
1,5999,3.5,2005-04-02 23:55:50,Heavy Metal 2000 (2000),Action|Adventure|Animation|Fantasy|Sci-Fi
1,6093,4.0,2005-04-02 23:48:33,"Last Unicorn, The (1982)",Animation|Children|Fantasy
1,6242,3.5,2004-09-10 03:13:24,Ringu (Ring) (1998),Horror|Mystery|Thriller
1,6333,4.0,2005-04-02 23:45:02,X2: X-Men United (2003),Action|Adventure|Sci-Fi|Thriller
1,6502,3.5,2004-09-10 03:14:08,28 Days Later (2002),Action|Horror|Sci-Fi
1,6539,4.0,2005-04-02 23:45:08,Pirates of the Caribbean: The Curse of the Black Pearl (2003),Action|Adventure|Comedy|Fantasy
1,6754,4.0,2005-04-02 23:53:04,Underworld (2003),Action|Fantasy|Horror
1,6755,3.5,2004-09-10 03:14:27,Bubba Ho-tep (2002),Comedy|Horror
1,6774,4.0,2005-04-02 23:49:46,Videodrome (1983),Fantasy|Horror|Sci-Fi|Thriller
1,6807,3.5,2005-04-02 23:31:26,Monty Python's The Meaning of Life (1983),Comedy
1,6834,3.5,2005-04-02 23:54:20,Wilder Napalm (1993),Comedy|Fantasy|Romance
1,6888,3.0,2005-04-02 23:55:27,Scary Movie 3 (2003),Comedy|Horror
1,7001,3.5,2004-09-10 03:15:01,Invasion of the Body Snatchers (1978),Horror|Mystery|Sci-Fi|Thriller
1,7045,3.5,2005-04-02 23:50:34,"Witches, The (1990)",Children|Fantasy
1,7046,4.0,2005-04-02 23:52:14,"Witches of Eastwick, The (1987)",Comedy|Fantasy|Horror|Thriller
1,7153,5.0,2005-04-02 23:30:33,"Lord of the Rings: The Return of the King, The (2003)",Action|Adventure|Drama|Fantasy
1,7164,3.5,2005-04-02 23:52:03,Peter Pan (2003),Action|Adventure|Children|Fantasy
1,7247,3.5,2005-04-02 23:52:38,Chitty Chitty Bang Bang (1968),Adventure|Children|Comedy|Fantasy|Musical
1,7387,3.5,2004-09-10 03:16:01,Dawn of the Dead (1978),Action|Drama|Horror
1,7389,4.0,2005-04-02 23:54:05,One Million Years B.C. (1966),Adventure|Fantasy
1,7438,4.0,2005-04-02 23:33:09,Kill Bill: Vol. 2 (2004),Action|Drama|Thriller
1,7449,3.5,2005-04-02 23:56:03,Godsend (2004),Drama|Horror|Thriller
1,7454,4.0,2005-04-02 23:55:08,Van Helsing (2004),Action|Adventure|Fantasy|Horror
1,7482,3.0,2005-04-02 23:29:35,Enter the Dragon (1973),Action|Crime
1,7757,4.0,2005-04-02 23:50:19,Jason and the Argonauts (1963),Action|Adventure|Fantasy
1,8368,4.0,2005-04-02 23:48:08,Harry Potter and the Prisoner of Azkaban (2004),Adventure|Fantasy|IMAX
1,8482,3.5,2005-04-02 23:49:41,"Picture of Dorian Gray, The (1945)",Drama|Fantasy|Horror
1,8507,5.0,2004-09-10 03:13:47,Freaks (1932),Crime|Drama|Horror
1,8636,4.5,2005-04-02 23:44:53,Spider-Man 2 (2004),Action|Adventure|Sci-Fi|IMAX
1,8690,3.5,2005-04-02 23:33:15,Slaughterhouse-Five (1972),Comedy|Drama|Sci-Fi|War
1,8961,4.0,2005-04-02 23:47:09,"Incredibles, The (2004)",Action|Adventure|Animation|Children|Comedy
1,31696,4.0,2005-04-02 23:49:08,Constantine (2005),Action|Fantasy|Horror|Thriller
2,3,4.0,2000-11-21 15:34:49,Grumpier Old Men (1995),Comedy|Romance
2,62,5.0,2000-11-21 15:29:58,Mr. Holland's Opus (1995),Drama
2,70,5.0,2000-11-21 15:31:31,From Dusk Till Dawn (1996),Action|Comedy|Horror|Thriller
2,110,4.0,2000-11-21 15:30:58,Braveheart (1995),Action|Drama|War
2,242,3.0,2000-11-21 15:32:56,Farinelli: il castrato (1994),Drama|Musical
2,260,5.0,2000-11-21 15:36:54,Star Wars: Episode IV - A New Hope (1977),Action|Adventure|Sci-Fi
2,266,5.0,2000-11-21 15:32:28,Legends of the Fall (1994),Drama|Romance|War|Western
2,469,3.0,2000-11-21 15:29:58,"House of the Spirits, The (1993)",Drama|Romance
2,480,5.0,2000-11-21 15:32:00,Jurassic Park (1993),Action|Adventure|Sci-Fi|Thriller
2,541,5.0,2000-11-21 15:36:54,Blade Runner (1982),Action|Sci-Fi|Thriller
2,589,5.0,2000-11-21 15:30:58,Terminator 2: Judgment Day (1991),Action|Sci-Fi
2,891,2.0,2000-11-21 15:36:09,Halloween: The Curse of Michael Myers (Halloween 6: The Curse of Michael Myers) (1995),Horror|Thriller
2,908,4.0,2000-11-21 15:31:31,North by Northwest (1959),Action|Adventure|Mystery|Romance|Thriller
2,924,5.0,2000-11-21 15:36:54,2001: A Space Odyssey (1968),Adventure|Drama|Sci-Fi
2,1121,3.0,2000-11-21 15:29:58,Glory Daze (1995),Drama
2,1196,5.0,2000-11-21 15:36:54,Star Wars: Episode V - The Empire Strikes Back (1980),Action|Adventure|Sci-Fi
2,1210,5.0,2000-11-21 15:29:58,Star Wars: Episode VI - Return of the Jedi (1983),Action|Adventure|Sci-Fi
2,1214,5.0,2000-11-21 15:36:54,Alien (1979),Horror|Sci-Fi
2,1249,5.0,2000-11-21 15:31:31,"Femme Nikita, La (Nikita) (1990)",Action|Crime|Romance|Thriller
2,1259,5.0,2000-11-21 15:30:59,Stand by Me (1986),Adventure|Drama
2,1270,5.0,2000-11-21 15:36:54,Back to the Future (1985),Adventure|Comedy|Sci-Fi
2,1327,5.0,2000-11-21 15:34:06,"Amityville Horror, The (1979)",Drama|Horror|Mystery|Thriller
2,1356,5.0,2000-11-21 15:29:58,Star Trek: First Contact (1996),Action|Adventure|Sci-Fi|Thriller
2,1544,5.0,2000-11-21 15:35:43,"Lost World: Jurassic Park, The (1997)",Action|Adventure|Sci-Fi|Thriller
2,1580,4.0,2000-11-21 15:32:28,Men in Black (a.k.a. MIB) (1997),Action|Comedy|Sci-Fi
2,1673,4.0,2000-11-21 15:32:56,Boogie Nights (1997),Drama
2,1748,5.0,2000-11-21 15:36:54,Dark City (1998),Adventure|Film-Noir|Sci-Fi|Thriller
2,1965,3.0,2000-11-21 15:32:00,Repo Man (1984),Comedy|Sci-Fi
2,1969,2.0,2000-11-21 15:36:09,"Nightmare on Elm Street 2: Freddy's Revenge, A (1985)",Horror
2,1970,2.0,2000-11-21 15:36:09,"Nightmare on Elm Street 3: Dream Warriors, A (1987)",Horror|Thriller
2,1971,2.0,2000-11-21 15:35:43,"Nightmare on Elm Street 4: The Dream Master, A (1988)",Horror|Thriller
2,1972,2.0,2000-11-21 15:36:09,"Nightmare on Elm Street 5: The Dream Child, A (1989)",Horror
2,1973,3.0,2000-11-21 15:35:16,"Freddy's Dead: The Final Nightmare (Nightmare on Elm Street Part 6: Freddy's Dead, A) (1991)",Horror
2,1974,5.0,2000-11-21 15:29:58,Friday the 13th (1980),Horror|Mystery|Thriller
2,1986,2.0,2000-11-21 15:36:09,Halloween 5: The Revenge of Michael Myers (1989),Horror
2,2291,2.0,2000-11-21 15:32:28,Edward Scissorhands (1990),Drama|Fantasy|Romance
2,2454,4.0,2000-11-21 15:35:16,"Fly, The (1958)",Horror|Mystery|Sci-Fi
2,2455,4.0,2000-11-21 15:32:00,"Fly, The (1986)",Drama|Horror|Sci-Fi|Thriller
2,2791,2.0,2000-11-21 15:30:59,Airplane! (1980),Comedy
2,2858,3.0,2000-11-21 15:30:59,American Beauty (1999),Comedy|Drama
2,2948,5.0,2000-11-21 15:30:59,From Russia with Love (1963),Action|Adventure|Thriller
2,2951,4.0,2000-11-21 15:29:58,"Fistful of Dollars, A (Per un pugno di dollari) (1964)",Action|Western
2,3150,4.0,2000-11-21 15:32:00,"War Zone, The (1999)",Drama|Thriller
2,3159,3.0,2000-11-21 15:29:58,Fantasia 2000 (1999),Animation|Children|Musical|IMAX
2,3173,4.0,2000-11-21 15:34:29,Any Given Sunday (1999),Drama
2,3450,5.0,2000-11-21 15:34:06,Grumpy Old Men (1993),Comedy
2,3513,5.0,2000-11-21 15:30:59,Rules of Engagement (2000),Drama|Thriller
2,3534,3.0,2000-11-21 15:34:49,28 Days (2000),Drama
2,3555,4.0,2000-11-21 15:32:28,U-571 (2000),Action|Thriller|War
2,3565,3.0,2000-11-21 15:32:56,Where the Heart Is (2000),Comedy|Drama
2,3703,4.0,2000-11-21 15:36:54,"Road Warrior, The (Mad Max 2) (1981)",Action|Adventure|Sci-Fi
2,3753,4.0,2000-11-21 15:31:31,"Patriot, The (2000)",Action|Drama|War
2,3917,4.0,2000-11-21 15:32:00,Hellraiser (1987),Horror
2,3918,3.0,2000-11-21 15:35:43,Hellbound: Hellraiser II (1988),Horror
2,3923,4.0,2000-11-21 15:35:43,Return of the Fly (1959),Horror|Sci-Fi
2,3926,4.0,2000-11-21 15:34:49,Voyage to the Bottom of the Sea (1961),Adventure|Sci-Fi
2,3927,5.0,2000-11-21 15:32:28,Fantastic Voyage (1966),Adventure|Sci-Fi
2,3928,5.0,2000-11-21 15:32:56,Abbott and Costello Meet Frankenstein (1948),Comedy|Horror
2,3930,5.0,2000-11-21 15:35:43,"Creature from the Black Lagoon, The (1954)",Adventure|Horror|Sci-Fi
2,3937,4.0,2000-11-21 15:35:16,Runaway (1984),Sci-Fi|Thriller
2,3959,5.0,2000-11-21 15:30:59,"Time Machine, The (1960)",Action|Adventure|Sci-Fi
3,1,4.0,1999-12-11 13:36:47,Toy Story (1995),Adventure|Animation|Children|Comedy|Fantasy
3,24,3.0,1999-12-14 12:54:08,Powder (1995),Drama|Sci-Fi
3,32,4.0,1999-12-11 13:14:07,Twelve Monkeys (a.k.a. 12 Monkeys) (1995),Mystery|Sci-Fi|Thriller
3,50,5.0,1999-12-11 13:13:38,"Usual Suspects, The (1995)",Crime|Mystery|Thriller
3,160,3.0,1999-12-14 12:54:08,Congo (1995),Action|Adventure|Mystery|Sci-Fi
3,173,2.0,1999-12-14 12:54:59,Judge Dredd (1995),Action|Crime|Sci-Fi
3,175,5.0,1999-12-11 13:32:13,Kids (1995),Drama
3,196,3.0,1999-12-14 12:52:19,Species (1995),Horror|Sci-Fi
3,223,5.0,1999-12-11 13:20:44,Clerks (1994),Comedy
3,260,5.0,1999-12-11 13:09:02,Star Wars: Episode IV - A New Hope (1977),Action|Adventure|Sci-Fi
3,316,5.0,1999-12-14 12:51:10,Stargate (1994),Action|Adventure|Sci-Fi
3,318,5.0,1999-12-11 13:09:26,"Shawshank Redemption, The (1994)",Crime|Drama
3,329,5.0,1999-12-14 12:53:41,Star Trek: Generations (1994),Adventure|Drama|Sci-Fi
3,337,3.0,1999-12-11 13:36:06,What's Eating Gilbert Grape (1993),Drama
3,440,3.0,1999-12-11 13:21:40,Dave (1993),Comedy|Romance
3,442,3.0,1999-12-14 12:53:25,Demolition Man (1993),Action|Adventure|Sci-Fi
3,457,5.0,1999-12-11 13:16:55,"Fugitive, The (1993)",Thriller
3,480,5.0,1999-12-14 12:50:20,Jurassic Park (1993),Action|Adventure|Sci-Fi|Thriller
3,490,5.0,1999-12-11 13:30:41,Malice (1993),Thriller
3,512,2.0,1999-12-14 12:53:25,"Puppet Masters, The (1994)",Horror|Sci-Fi
3,541,5.0,1999-12-11 13:14:07,Blade Runner (1982),Action|Sci-Fi|Thriller
3,589,4.0,1999-12-11 07:25:08,Terminator 2: Judgment Day (1991),Action|Sci-Fi
3,593,5.0,1999-12-11 13:16:55,"Silence of the Lambs, The (1991)",Crime|Horror|Thriller
3,610,4.0,1999-12-11 13:41:11,Heavy Metal (1981),Action|Adventure|Animation|Horror|Sci-Fi
3,718,3.0,1999-12-11 13:01:07,"Visitors, The (Visiteurs, Les) (1993)",Comedy|Fantasy|Sci-Fi
3,780,3.0,1999-12-14 12:50:20,Independence Day (a.k.a. ID4) (1996),Action|Adventure|Sci-Fi|Thriller
3,788,4.0,1999-12-14 12:49:10,"Nutty Professor, The (1996)",Comedy|Fantasy|Romance|Sci-Fi
3,858,5.0,1999-12-11 13:01:07,"Godfather, The (1972)",Crime|Drama
3,904,5.0,1999-12-11 13:04:10,Rear Window (1954),Mystery|Thriller
3,905,3.0,1999-12-11 13:04:54,It Happened One Night (1934),Comedy|Romance
3,919,4.0,1999-12-11 13:05:58,"Wizard of Oz, The (1939)",Adventure|Children|Fantasy|Musical
3,924,5.0,1999-12-11 13:10:12,2001: A Space Odyssey (1968),Adventure|Drama|Sci-Fi
3,953,5.0,1999-12-11 13:11:52,It's a Wonderful Life (1946),Drama|Fantasy|Romance
3,968,3.0,1999-12-14 12:47:38,Night of the Living Dead (1968),Horror|Sci-Fi|Thriller
3,1037,3.0,1999-12-14 12:52:43,"Lawnmower Man, The (1992)",Action|Horror|Sci-Fi|Thriller
3,1060,5.0,1999-12-11 13:18:30,Swingers (1996),Comedy|Drama
3,1073,5.0,1999-12-11 13:20:44,Willy Wonka & the Chocolate Factory (1971),Children|Comedy|Fantasy|Musical
3,1077,4.0,1999-12-11 13:16:07,Sleeper (1973),Comedy|Sci-Fi
3,1079,4.0,1999-12-11 13:09:57,"Fish Called Wanda, A (1988)",Comedy|Crime
3,1084,5.0,1999-12-11 13:15:03,Bonnie and Clyde (1967),Crime|Drama
3,1089,5.0,1999-12-11 13:05:58,Reservoir Dogs (1992),Crime|Mystery|Thriller
3,1094,4.0,1999-12-11 13:27:58,"Crying Game, The (1992)",Drama|Romance|Thriller
3,1097,5.0,1999-12-11 13:29:40,E.T. the Extra-Terrestrial (1982),Children|Drama|Sci-Fi
3,1103,4.0,1999-12-11 13:12:25,Rebel Without a Cause (1955),Drama
3,1125,4.0,1999-12-11 13:26:40,"Return of the Pink Panther, The (1975)",Comedy|Crime
3,1127,3.0,1999-12-14 12:49:44,"Abyss, The (1989)",Action|Adventure|Sci-Fi|Thriller
3,1129,5.0,1999-12-14 12:49:44,Escape from New York (1981),Action|Adventure|Sci-Fi|Thriller
3,1179,3.0,1999-12-11 13:15:03,"Grifters, The (1990)",Crime|Drama|Film-Noir
3,1188,2.0,1999-12-11 07:25:08,Strictly Ballroom (1992),Comedy|Romance
3,1193,4.0,1999-12-11 13:03:40,One Flew Over the Cuckoo's Nest (1975),Drama
3,1196,5.0,1999-12-11 13:10:59,Star Wars: Episode V - The Empire Strikes Back (1980),Action|Adventure|Sci-Fi
3,1197,5.0,1999-12-11 13:16:55,"Princess Bride, The (1987)",Action|Adventure|Comedy|Fantasy|Romance
3,1198,5.0,1999-12-11 13:09:57,Raiders of the Lost Ark (Indiana Jones and the Raiders of the Lost Ark) (1981),Action|Adventure
3,1199,4.0,1999-12-11 13:41:11,Brazil (1985),Fantasy|Sci-Fi
3,1200,4.0,1999-12-11 13:20:44,Aliens (1986),Action|Adventure|Horror|Sci-Fi
3,1206,5.0,1999-12-11 13:14:07,"Clockwork Orange, A (1971)",Crime|Drama|Sci-Fi|Thriller
3,1208,5.0,1999-12-11 13:07:46,Apocalypse Now (1979),Action|Drama|War
3,1210,5.0,1999-12-11 13:27:36,Star Wars: Episode VI - Return of the Jedi (1983),Action|Adventure|Sci-Fi
3,1213,5.0,1999-12-11 13:08:11,Goodfellas (1990),Crime|Drama
3,1214,5.0,1999-12-11 13:27:36,Alien (1979),Horror|Sci-Fi
3,1215,4.0,1999-12-14 12:47:38,Army of Darkness (1993),Action|Adventure|Comedy|Fantasy|Horror
3,1219,4.0,1999-12-11 13:02:51,Psycho (1960),Crime|Horror
3,1220,5.0,1999-12-11 13:35:30,"Blues Brothers, The (1980)",Action|Comedy|Musical
3,1221,5.0,1999-12-11 13:01:34,"Godfather: Part II, The (1974)",Crime|Drama
3,1222,5.0,1999-12-11 13:20:07,Full Metal Jacket (1987),Drama|War
3,1225,3.0,1999-12-11 13:04:54,Amadeus (1984),Drama
3,1228,3.0,1999-12-11 13:03:16,Raging Bull (1980),Drama
3,1230,5.0,1999-12-11 13:02:28,Annie Hall (1977),Comedy|Romance
3,1240,5.0,1999-12-11 13:35:30,"Terminator, The (1984)",Action|Sci-Fi|Thriller
3,1242,5.0,1999-12-11 13:19:38,Glory (1989),Drama|War
3,1247,5.0,1999-12-11 13:04:54,"Graduate, The (1967)",Comedy|Drama|Romance
3,1257,5.0,1999-12-11 13:35:10,Better Off Dead... (1985),Comedy|Romance
3,1258,5.0,1999-12-11 13:15:03,"Shining, The (1980)",Horror
3,1259,5.0,1999-12-11 13:18:12,Stand by Me (1986),Adventure|Drama
3,1261,5.0,1999-12-11 13:20:44,Evil Dead II (Dead by Dawn) (1987),Action|Comedy|Fantasy|Horror
3,1266,5.0,1999-12-11 13:23:51,Unforgiven (1992),Drama|Western
3,1270,5.0,1999-12-11 13:41:11,Back to the Future (1985),Adventure|Comedy|Sci-Fi
3,1272,4.0,1999-12-11 13:15:24,Patton (1970),Drama|War
3,1276,5.0,1999-12-11 13:08:11,Cool Hand Luke (1967),Drama
3,1278,5.0,1999-12-11 13:13:00,Young Frankenstein (1974),Comedy|Fantasy
3,1288,2.0,1999-12-11 13:03:40,This Is Spinal Tap (1984),Comedy
3,1304,5.0,1999-12-11 13:16:55,Butch Cassidy and the Sundance Kid (1969),Action|Western
3,1307,4.0,1999-12-11 13:15:03,When Harry Met Sally... (1989),Comedy|Romance
3,1321,5.0,1999-12-11 13:27:01,"American Werewolf in London, An (1981)",Comedy|Horror|Thriller
3,1330,3.0,1999-12-11 13:31:23,April Fool's Day (1986),Horror
3,1333,4.0,1999-12-11 13:25:18,"Birds, The (1963)",Horror|Thriller
3,1345,4.0,1999-12-11 13:25:18,Carrie (1976),Drama|Fantasy|Horror|Thriller
3,1356,5.0,1999-12-14 12:51:10,Star Trek: First Contact (1996),Action|Adventure|Sci-Fi|Thriller
3,1372,3.0,1999-12-14 12:50:20,Star Trek VI: The Undiscovered Country (1991),Action|Mystery|Sci-Fi
3,1373,4.0,1999-12-14 12:54:32,Star Trek V: The Final Frontier (1989),Action|Sci-Fi
3,1374,5.0,1999-12-11 13:42:08,Star Trek II: The Wrath of Khan (1982),Action|Adventure|Sci-Fi|Thriller
3,1375,5.0,1999-12-14 12:52:19,Star Trek III: The Search for Spock (1984),Action|Adventure|Sci-Fi
3,1376,4.0,1999-12-11 13:41:11,Star Trek IV: The Voyage Home (1986),Adventure|Comedy|Sci-Fi
3,1396,3.0,1999-12-14 12:48:22,Sneakers (1992),Action|Comedy|Crime|Drama|Sci-Fi
3,1544,4.0,1999-12-14 12:53:25,"Lost World: Jurassic Park, The (1997)",Action|Adventure|Sci-Fi|Thriller
3,1584,4.0,1999-12-14 12:49:44,Contact (1997),Drama|Sci-Fi
3,1603,4.0,1999-12-14 12:51:10,Mimic (1997),Horror|Sci-Fi|Thriller
3,1653,4.0,1999-12-14 12:48:50,Gattaca (1997),Drama|Sci-Fi|Thriller
3,1674,4.0,1999-12-11 13:25:48,Witness (1985),Drama|Romance|Thriller
3,1676,5.0,1999-12-14 12:49:44,Starship Troopers (1997),Action|Sci-Fi
3,1721,4.0,1999-12-11 07:25:08,Titanic (1997),Drama|Romance
3,1762,4.0,1999-12-14 12:54:32,Deep Rising (1998),Action|Horror|Sci-Fi
3,1779,3.0,1999-12-14 12:52:19,Sphere (1998),Sci-Fi|Thriller
3,1810,3.0,1999-12-11 13:36:06,Primary Colors (1998),Comedy|Drama
3,1831,5.0,1999-12-14 12:54:08,Lost in Space (1998),Action|Adventure|Sci-Fi
3,1876,4.0,1999-12-14 12:52:43,Deep Impact (1998),Drama|Sci-Fi|Thriller
3,1882,4.0,1999-12-14 12:54:32,Godzilla (1998),Action|Sci-Fi|Thriller
3,1909,5.0,1999-12-14 12:51:36,"X-Files: Fight the Future, The (1998)",Action|Crime|Mystery|Sci-Fi|Thriller
3,1917,4.0,1999-12-14 12:52:43,Armageddon (1998),Action|Romance|Sci-Fi|Thriller
3,1921,4.0,1999-12-14 12:48:22,Pi (1998),Drama|Sci-Fi|Thriller
3,2009,5.0,1999-12-14 12:48:50,Soylent Green (1973),Drama|Mystery|Sci-Fi|Thriller
3,2011,3.0,1999-12-11 07:25:08,Back to the Future Part II (1989),Adventure|Comedy|Sci-Fi
3,2012,3.0,1999-12-14 12:53:41,Back to the Future Part III (1990),Adventure|Comedy|Sci-Fi|Western
3,2018,4.0,1999-12-11 13:23:10,Bambi (1942),Animation|Children|Drama
3,2028,4.0,1999-12-11 13:19:38,Saving Private Ryan (1998),Action|Drama|War
3,2034,4.0,1999-12-14 12:54:59,"Black Hole, The (1979)",Children|Sci-Fi
3,2046,5.0,1999-12-14 12:51:10,Flight of the Navigator (1986),Adventure|Children|Sci-Fi
3,2053,3.0,1999-12-14 12:54:59,"Honey, I Blew Up the Kid (1992)",Children|Comedy|Sci-Fi
3,2054,4.0,1999-12-14 12:52:19,"Honey, I Shrunk the Kids (1989)",Adventure|Children|Comedy|Fantasy|Sci-Fi
3,2076,5.0,1999-12-11 13:24:43,Blue Velvet (1986),Drama|Mystery|Thriller
3,2093,5.0,1999-12-11 13:41:11,Return to Oz (1985),Adventure|Children|Fantasy
3,2105,4.0,1999-12-11 13:42:08,Tron (1982),Action|Adventure|Sci-Fi
3,2117,5.0,1999-12-11 13:20:44,1984 (Nineteen Eighty-Four) (1984),Drama|Sci-Fi
3,2118,5.0,1999-12-11 07:25:08,"Dead Zone, The (1983)",Thriller
3,2140,4.0,1999-12-14 12:49:44,"Dark Crystal, The (1982)",Adventure|Fantasy
3,2150,5.0,1999-12-11 13:30:01,"Gods Must Be Crazy, The (1980)",Adventure|Comedy
3,2236,4.0,1999-12-11 13:18:12,Simon Birch (1998),Drama
3,2288,5.0,1999-12-11 13:41:11,"Thing, The (1982)",Action|Horror|Sci-Fi|Thriller
3,2311,4.0,1999-12-11 13:42:09,2010: The Year We Make Contact (1984),Sci-Fi
3,2329,4.0,1999-12-11 13:25:48,American History X (1998),Crime|Drama
3,2366,4.0,1999-12-11 13:18:30,King Kong (1933),Action|Adventure|Fantasy|Horror
3,2371,4.0,1999-12-11 13:28:35,Fletch (1985),Comedy|Crime|Mystery
3,2391,5.0,1999-12-11 13:16:55,"Simple Plan, A (1998)",Crime|Drama|Thriller
3,2407,4.0,1999-12-14 12:51:36,Cocoon (1985),Comedy|Sci-Fi
3,2428,4.0,1999-12-14 12:51:10,"Faculty, The (1998)",Horror|Sci-Fi
3,2448,5.0,1999-12-11 07:36:23,Virus (1999),Horror|Sci-Fi
3,2455,4.0,1999-12-11 13:42:09,"Fly, The (1986)",Drama|Horror|Sci-Fi|Thriller
3,2505,4.0,1999-12-11 07:36:23,8MM (1999),Drama|Mystery|Thriller
3,2528,4.0,1999-12-14 12:49:44,Logan's Run (1976),Action|Adventure|Sci-Fi
3,2529,5.0,1999-12-14 12:48:00,Planet of the Apes (1968),Action|Drama|Sci-Fi
3,2530,4.0,1999-12-14 12:52:19,Beneath the Planet of the Apes (1970),Action|Sci-Fi
3,2531,3.0,1999-12-14 12:50:20,Battle for the Planet of the Apes (1973),Action|Sci-Fi
3,2532,4.0,1999-12-14 12:52:43,Conquest of the Planet of the Apes (1972),Action|Sci-Fi
3,2533,3.0,1999-12-14 12:48:22,Escape from the Planet of the Apes (1971),Action|Sci-Fi
3,2541,1.0,1999-12-11 07:30:41,Cruel Intentions (1999),Drama
3,2551,4.0,1999-12-11 13:23:30,Dead Ringers (1988),Drama|Horror|Thriller
3,2567,3.0,1999-12-11 07:34:14,EDtv (1999),Comedy
3,2571,5.0,1999-12-14 12:47:38,"Matrix, The (1999)",Action|Sci-Fi|Thriller
3,2574,3.0,1999-12-11 07:37:57,"Out-of-Towners, The (1999)",Comedy
3,2613,4.0,1999-12-14 12:50:20,Night of the Comet (1984),Comedy|Horror|Sci-Fi
3,2615,4.0,1999-12-14 12:53:25,My Science Project (1985),Adventure|Sci-Fi
3,2628,5.0,1999-12-14 12:52:19,Star Wars: Episode I - The Phantom Menace (1999),Action|Adventure|Sci-Fi
3,2640,4.0,1999-12-14 12:48:50,Superman (1978),Action|Adventure|Sci-Fi
3,2642,3.0,1999-12-14 12:54:59,Superman III (1983),Action|Adventure|Sci-Fi
3,2643,1.0,1999-12-14 12:54:59,Superman IV: The Quest for Peace (1987),Action|Adventure|Sci-Fi
3,2657,3.0,1999-12-14 12:48:50,"Rocky Horror Picture Show, The (1975)",Comedy|Horror|Musical|Sci-Fi
3,2662,3.0,1999-12-14 12:47:38,"War of the Worlds, The (1953)",Action|Drama|Sci-Fi
3,2668,4.0,1999-12-14 12:54:08,Swamp Thing (1982),Horror|Sci-Fi
3,2676,1.0,1999-12-11 07:30:05,Instinct (1999),Drama|Thriller
3,2694,4.0,1999-12-11 07:37:35,Big Daddy (1999),Comedy
3,2699,3.0,1999-12-14 12:51:10,Arachnophobia (1990),Comedy|Horror
3,2710,5.0,1999-12-11 07:30:05,"Blair Witch Project, The (1999)",Drama|Horror|Thriller
3,2722,4.0,1999-12-11 07:34:14,Deep Blue Sea (1999),Action|Horror|Sci-Fi|Thriller
3,2750,4.0,1999-12-11 13:20:44,Radio Days (1987),Comedy|Drama
3,2788,5.0,1999-12-11 13:21:56,Monty Python's And Now for Something Completely Different (1971),Comedy
3,2791,5.0,1999-12-11 13:07:46,Airplane! (1980),Comedy
3,2797,4.0,1999-12-11 13:29:40,Big (1988),Comedy|Drama|Fantasy|Romance
3,2808,4.0,1999-12-14 12:54:32,Universal Soldier (1992),Action|Sci-Fi
3,2857,3.0,1999-12-11 07:30:05,Yellow Submarine (1968),Adventure|Animation|Comedy|Fantasy|Musical
3,2872,5.0,1999-12-11 13:44:58,Excalibur (1981),Adventure|Fantasy
3,2900,3.0,1999-12-14 12:50:20,Monkey Shines (1988),Horror|Sci-Fi
3,2901,3.0,1999-12-14 12:49:44,Phantasm (1979),Horror|Sci-Fi
3,2916,4.0,1999-12-14 12:48:50,Total Recall (1990),Action|Adventure|Sci-Fi|Thriller
3,2918,5.0,1999-12-11 13:21:40,Ferris Bueller's Day Off (1986),Comedy
3,2947,4.0,1999-12-11 13:36:47,Goldfinger (1964),Action|Adventure|Thriller
3,2948,4.0,1999-12-11 13:27:44,From Russia with Love (1963),Action|Adventure|Thriller
3,2949,4.0,1999-12-11 13:29:40,Dr. No (1962),Action|Adventure|Thriller
3,2968,5.0,1999-12-11 13:41:12,Time Bandits (1981),Adventure|Comedy|Fantasy|Sci-Fi
3,2985,5.0,1999-12-11 13:42:09,RoboCop (1987),Action|Crime|Drama|Sci-Fi|Thriller
3,2986,2.0,1999-12-14 12:54:08,RoboCop 2 (1990),Action|Crime|Sci-Fi|Thriller
3,3033,5.0,1999-12-11 13:42:09,Spaceballs (1987),Comedy|Sci-Fi
3,3039,5.0,1999-12-11 13:33:09,Trading Places (1983),Comedy
3,3070,4.0,1999-12-11 13:42:09,"Adventures of Buckaroo Banzai Across the 8th Dimension, The (1984)",Adventure|Comedy|Sci-Fi
3,3072,4.0,1999-12-11 13:22:47,Moonstruck (1987),Comedy|Romance
3,3098,4.0,1999-12-11 13:21:08,"Natural, The (1984)",Drama
3,3142,4.0,1999-12-11 13:02:28,U2: Rattle and Hum (1988),Documentary|Musical
3,5060,5.0,1999-12-11 13:04:10,M*A*S*H (a.k.a. MASH) (1970),Comedy|Drama|War
4,6,3.0,1996-08-24 09:33:47,Heat (1995),Action|Crime|Thriller
4,10,4.0,1996-08-24 09:28:42,GoldenEye (1995),Action|Adventure|Thriller
4,19,3.0,1996-08-24 09:29:54,Ace Ventura: When Nature Calls (1995),Comedy
4,32,1.0,1996-08-24 09:31:01,Twelve Monkeys (a.k.a. 12 Monkeys) (1995),Mystery|Sci-Fi|Thriller
4,165,3.0,1996-08-24 09:27:32,Die Hard: With a Vengeance (1995),Action|Crime|Thriller
4,329,3.0,1996-08-24 09:28:18,Star Trek: Generations (1994),Adventure|Drama|Sci-Fi
4,350,4.0,1996-08-24 09:31:27,"Client, The (1994)",Drama|Mystery|Thriller
4,356,4.0,1996-08-24 09:28:42,Forrest Gump (1994),Comedy|Drama|Romance|War
4,367,3.0,1996-08-24 09:29:54,"Mask, The (1994)",Action|Comedy|Crime|Fantasy
4,368,4.0,1996-08-24 09:33:18,Maverick (1994),Adventure|Comedy|Western
4,370,4.0,1996-08-24 09:34:03,Naked Gun 33 1/3: The Final Insult (1994),Action|Comedy
4,377,4.0,1996-08-24 09:29:54,Speed (1994),Action|Romance|Thriller
4,380,3.0,1996-08-24 09:27:05,True Lies (1994),Action|Adventure|Comedy|Romance|Thriller
4,420,3.0,1996-08-24 09:30:19,Beverly Hills Cop III (1994),Action|Comedy|Crime|Thriller
4,431,4.0,1996-08-24 09:35:57,Carlito's Way (1993),Crime|Drama
4,440,3.0,1996-08-24 09:31:27,Dave (1993),Comedy|Romance
4,454,5.0,1996-08-24 09:29:04,"Firm, The (1993)",Drama|Thriller
4,480,4.0,1996-08-24 09:29:04,Jurassic Park (1993),Action|Adventure|Sci-Fi|Thriller
4,489,4.0,1996-08-24 09:39:35,Made in America (1993),Comedy
4,519,3.0,1996-08-24 09:38:43,RoboCop 3 (1993),Action|Crime|Drama|Sci-Fi|Thriller
4,520,4.0,1996-08-24 09:34:42,Robin Hood: Men in Tights (1993),Comedy
4,531,3.0,1996-08-24 09:37:37,"Secret Garden, The (1993)",Children|Drama
4,548,3.0,1996-08-24 09:40:54,Terminal Velocity (1994),Action|Mystery|Thriller
4,586,4.0,1996-08-24 09:30:38,Home Alone (1990),Children|Comedy
4,589,4.0,1996-08-24 09:29:22,Terminator 2: Judgment Day (1991),Action|Sci-Fi
4,594,4.0,1996-08-24 09:34:25,Snow White and the Seven Dwarfs (1937),Animation|Children|Drama|Fantasy|Musical
4,596,4.0,1996-08-24 09:37:04,Pinocchio (1940),Animation|Children|Fantasy|Musical
4,733,5.0,1996-08-24 09:35:22,"Rock, The (1996)",Action|Adventure|Thriller
5,2,3.0,1996-12-25 15:26:09,Jumanji (1995),Adventure|Children|Fantasy
5,11,5.0,1996-12-25 15:29:11,"American President, The (1995)",Comedy|Drama|Romance
5,17,3.0,1996-12-25 15:15:35,Sense and Sensibility (1995),Drama|Romance
5,60,3.0,1996-12-26 16:26:29,"Indian in the Cupboard, The (1995)",Adventure|Children|Fantasy
5,62,5.0,1996-12-25 15:15:35,Mr. Holland's Opus (1995),Drama
5,104,2.0,1996-12-25 15:16:32,Happy Gilmore (1996),Comedy
5,110,4.0,1996-12-25 15:26:09,Braveheart (1995),Action|Drama|War
5,140,2.0,1996-12-25 15:16:52,Up Close and Personal (1996),Drama|Romance
5,141,5.0,1996-12-25 15:15:35,"Birdcage, The (1996)",Comedy
5,150,5.0,1996-12-25 15:25:14,Apollo 13 (1995),Adventure|Drama|IMAX
5,224,2.0,1996-12-25 15:27:30,Don Juan DeMarco (1995),Comedy|Drama|Romance
5,235,3.0,1996-12-25 15:28:43,Ed Wood (1994),Comedy|Drama
5,260,5.0,1996-12-25 15:26:48,Star Wars: Episode IV - A New Hope (1977),Action|Adventure|Sci-Fi
5,282,4.0,1996-12-25 15:26:09,Nell (1994),Drama
5,316,4.0,1996-12-26 16:27:13,Stargate (1994),Action|Adventure|Sci-Fi
5,318,5.0,1996-12-25 15:26:48,"Shawshank Redemption, The (1994)",Crime|Drama
5,350,4.0,1996-12-25 15:28:08,"Client, The (1994)",Drama|Mystery|Thriller
5,364,5.0,1996-12-25 15:26:09,"Lion King, The (1994)",Adventure|Animation|Children|Drama|Musical|IMAX
5,367,3.0,1996-12-25 15:27:30,"Mask, The (1994)",Action|Comedy|Crime|Fantasy
5,368,5.0,1996-12-25 15:27:30,Maverick (1994),Adventure|Comedy|Western
5,370,4.0,1996-12-25 15:26:48,Naked Gun 33 1/3: The Final Insult (1994),Action|Comedy
5,376,4.0,1996-12-26 16:24:34,"River Wild, The (1994)",Action|Thriller
5,377,5.0,1996-12-25 15:28:43,Speed (1994),Action|Romance|Thriller
5,380,5.0,1996-12-25 15:25:15,True Lies (1994),Action|Adventure|Comedy|Romance|Thriller
5,440,5.0,1996-12-25 15:26:09,Dave (1993),Comedy|Romance
5,454,5.0,1996-12-25 15:28:43,"Firm, The (1993)",Drama|Thriller
5,457,5.0,1996-12-25 15:25:15,"Fugitive, The (1993)",Thriller
5,475,4.0,1996-12-25 15:27:30,In the Name of the Father (1993),Drama
5,480,4.0,1996-12-25 15:25:15,Jurassic Park (1993),Action|Adventure|Sci-Fi|Thriller
5,491,4.0,1996-12-25 15:26:47,"Man Without a Face, The (1993)",Drama
5,500,5.0,1996-12-25 15:26:09,Mrs. Doubtfire (1993),Comedy|Drama
5,508,5.0,1996-12-25 15:28:08,Philadelphia (1993),Drama
5,515,3.0,1996-12-25 15:29:11,"Remains of the Day, The (1993)",Drama|Romance
5,529,4.0,1996-12-25 15:27:30,Searching for Bobby Fischer (1993),Drama
5,531,5.0,1996-12-25 15:29:11,"Secret Garden, The (1993)",Children|Drama
5,587,4.0,1996-12-25 15:26:48,Ghost (1990),Comedy|Drama|Fantasy|Romance|Thriller
5,588,5.0,1996-12-25 15:28:08,Aladdin (1992),Adventure|Animation|Children|Comedy|Musical
5,589,5.0,1996-12-25 15:26:09,Terminator 2: Judgment Day (1991),Action|Sci-Fi
5,590,5.0,1996-12-25 15:25:14,Dances with Wolves (1990),Adventure|Drama|Western
5,593,3.0,1996-12-25 15:25:15,"Silence of the Lambs, The (1991)",Crime|Horror|Thriller
5,594,5.0,1996-12-26 16:26:29,Snow White and the Seven Dwarfs (1937),Animation|Children|Drama|Fantasy|Musical
5,595,5.0,1996-12-25 15:25:15,Beauty and the Beast (1991),Animation|Children|Fantasy|Musical|Romance|IMAX
5,608,3.0,1996-12-25 15:16:01,Fargo (1996),Comedy|Crime|Drama|Thriller
5,631,3.0,1996-12-25 15:17:36,All Dogs Go to Heaven 2 (1996),Adventure|Animation|Children|Fantasy|Musical|Romance
5,648,3.0,1996-12-25 15:15:35,Mission: Impossible (1996),Action|Adventure|Mystery|Thriller
5,671,5.0,1996-12-25 15:17:36,Mystery Science Theater 3000: The Movie (1996),Comedy|Sci-Fi
5,708,3.0,1996-12-25 15:16:31,"Truth About Cats & Dogs, The (1996)",Comedy|Romance
5,720,5.0,1996-12-25 15:27:30,Wallace & Gromit: The Best of Aardman Animation (1996),Adventure|Animation|Comedy
5,736,5.0,1996-12-25 15:15:35,Twister (1996),Action|Adventure|Romance|Thriller
5,780,5.0,1996-12-25 15:15:35,Independence Day (a.k.a. ID4) (1996),Action|Adventure|Sci-Fi|Thriller
5,788,3.0,1996-12-25 15:16:32,"Nutty Professor, The (1996)",Comedy|Fantasy|Romance|Sci-Fi
5,832,5.0,1996-12-25 15:17:54,Ransom (1996),Crime|Thriller
5,1028,5.0,1996-12-26 16:27:13,Mary Poppins (1964),Children|Comedy|Fantasy|Musical
5,1035,5.0,1996-12-26 16:26:29,"Sound of Music, The (1965)",Musical|Romance
5,1036,5.0,1996-12-25 15:26:47,Die Hard (1988),Action|Crime|Thriller
5,1042,4.0,1996-12-25 15:19:12,That Thing You Do! (1996),Comedy|Drama
5,1073,2.0,1996-12-25 15:16:31,Willy Wonka & the Chocolate Factory (1971),Children|Comedy|Fantasy|Musical
5,1079,5.0,1996-12-26 16:25:53,"Fish Called Wanda, A (1988)",Comedy|Crime
5,1080,5.0,1996-12-26 16:27:54,Monty Python's Life of Brian (1979),Comedy
5,1097,5.0,1996-12-25 15:28:43,E.T. the Extra-Terrestrial (1982),Children|Drama|Sci-Fi
5,1136,5.0,1996-12-26 16:28:48,Monty Python and the Holy Grail (1975),Adventure|Comedy|Fantasy
5,1196,5.0,1996-12-26 16:27:54,Star Wars: Episode V - The Empire Strikes Back (1980),Action|Adventure|Sci-Fi
5,1198,5.0,1996-12-26 16:27:54,Raiders of the Lost Ark (Indiana Jones and the Raiders of the Lost Ark) (1981),Action|Adventure
5,1210,5.0,1996-12-26 16:27:54,Star Wars: Episode VI - Return of the Jedi (1983),Action|Adventure|Sci-Fi
5,1291,5.0,1996-12-26 16:28:48,Indiana Jones and the Last Crusade (1989),Action|Adventure
5,1393,5.0,1996-12-25 15:20:31,Jerry Maguire (1996),Drama|Romance
6,1,5.0,1997-03-13 17:50:52,Toy Story (1995),Adventure|Animation|Children|Comedy|Fantasy
6,3,3.0,1997-03-13 17:52:38,Grumpier Old Men (1995),Comedy|Romance
6,7,5.0,1997-03-13 17:52:38,Sabrina (1995),Comedy|Romance
6,17,5.0,1997-03-13 17:50:52,Sense and Sensibility (1995),Drama|Romance
6,52,5.0,1997-03-13 17:54:18,Mighty Aphrodite (1995),Comedy|Drama|Romance
6,62,5.0,1997-03-13 17:50:52,Mr. Holland's Opus (1995),Drama
6,135,3.0,1997-03-13 17:56:23,Down Periscope (1996),Comedy
6,140,4.0,1997-03-13 17:58:37,Up Close and Personal (1996),Drama|Romance
6,141,5.0,1997-03-13 17:50:52,"Birdcage, The (1996)",Comedy
6,260,4.0,1997-03-13 17:54:18,Star Wars: Episode IV - A New Hope (1977),Action|Adventure|Sci-Fi
6,494,4.0,1997-03-13 17:52:38,Executive Decision (1996),Action|Adventure|Thriller
6,628,4.0,1997-03-13 17:56:23,Primal Fear (1996),Crime|Drama|Mystery|Thriller
6,648,5.0,1997-03-13 17:50:52,Mission: Impossible (1996),Action|Adventure|Mystery|Thriller
6,653,4.0,1997-03-13 17:54:18,Dragonheart (1996),Action|Adventure|Fantasy
6,708,4.0,1997-03-13 17:54:18,"Truth About Cats & Dogs, The (1996)",Comedy|Romance
6,719,3.0,1997-03-13 17:58:37,Multiplicity (1996),Comedy
6,733,3.0,1997-03-13 17:52:38,"Rock, The (1996)",Action|Adventure|Thriller
6,736,2.0,1997-03-13 17:50:52,Twister (1996),Action|Adventure|Romance|Thriller
6,743,3.0,1997-03-13 17:58:37,Spy Hard (1996),Comedy
6,762,3.0,1997-03-13 17:56:22,Striptease (1996),Comedy|Crime
6,780,3.0,1997-03-13 17:50:52,Independence Day (a.k.a. ID4) (1996),Action|Adventure|Sci-Fi|Thriller
6,788,4.0,1997-03-13 17:54:18,"Nutty Professor, The (1996)",Comedy|Fantasy|Romance|Sci-Fi
6,802,3.0,1997-03-13 17:56:23,Phenomenon (1996),Drama|Romance
6,1073,1.0,1997-03-13 17:52:38,Willy Wonka & the Chocolate Factory (1971),Children|Comedy|Fantasy|Musical
7,3,3.0,2002-01-16 19:14:23,Grumpier Old Men (1995),Comedy|Romance
7,7,3.0,2002-01-16 19:10:20,Sabrina (1995),Comedy|Romance
7,11,4.0,2002-01-16 19:04:49,"American President, The (1995)",Comedy|Drama|Romance
7,15,2.0,2002-01-16 19:18:52,Cutthroat Island (1995),Action|Adventure|Romance
7,16,3.0,2002-01-16 18:22:58,Casino (1995),Crime|Drama
7,17,2.0,2002-01-16 19:01:16,Sense and Sensibility (1995),Drama|Romance
7,24,3.0,2002-01-16 18:53:58,Powder (1995),Drama|Sci-Fi
7,105,2.0,2002-01-16 19:12:46,"Bridges of Madison County, The (1995)",Drama|Romance
7,122,2.0,2002-01-16 19:16:09,Boomerang (1992),Comedy|Romance
7,151,3.0,2002-01-16 19:06:05,Rob Roy (1995),Action|Drama|Romance|War
7,252,2.0,2002-01-16 19:11:03,I.Q. (1994),Comedy|Romance
7,260,5.0,2002-01-16 18:44:19,Star Wars: Episode IV - A New Hope (1977),Action|Adventure|Sci-Fi
7,271,3.0,2002-01-16 18:36:57,Losing Isaiah (1995),Drama
7,276,2.0,2002-01-16 19:17:35,Milk Money (1994),Comedy|Romance
7,316,3.0,2002-01-16 18:50:19,Stargate (1994),Action|Adventure|Sci-Fi
7,339,3.0,2002-01-16 19:08:10,While You Were Sleeping (1995),Comedy|Romance
7,348,4.0,2002-01-16 18:34:06,Bullets Over Broadway (1994),Comedy
7,351,3.0,2002-01-16 19:17:17,"Corrina, Corrina (1994)",Comedy|Drama|Romance
7,355,3.0,2002-01-16 18:21:02,"Flintstones, The (1994)",Children|Comedy|Fantasy
7,356,4.0,2002-01-16 19:02:55,Forrest Gump (1994),Comedy|Drama|Romance|War
7,357,3.0,2002-01-16 19:07:18,Four Weddings and a Funeral (1994),Comedy|Romance
7,362,3.0,2002-01-16 19:12:24,"Jungle Book, The (1994)",Adventure|Children|Romance
7,364,4.0,2002-01-16 18:08:56,"Lion King, The (1994)",Adventure|Animation|Children|Drama|Musical|IMAX
7,377,3.0,2002-01-16 19:04:49,Speed (1994),Action|Romance|Thriller
7,425,3.0,2002-01-16 19:14:23,Blue Sky (1994),Drama|Romance
7,440,4.0,2002-01-16 19:04:20,Dave (1993),Comedy|Romance
7,480,5.0,2002-01-16 18:46:19,Jurassic Park (1993),Action|Adventure|Sci-Fi|Thriller
7,509,2.0,2002-01-16 18:43:15,"Piano, The (1993)",Drama|Romance
7,539,4.0,2002-01-16 19:06:40,Sleepless in Seattle (1993),Comedy|Drama|Romance
7,553,4.0,2002-01-16 18:27:31,Tombstone (1993),Action|Drama|Western
7,587,5.0,2002-01-16 19:10:20,Ghost (1990),Comedy|Drama|Fantasy|Romance|Thriller
7,589,5.0,2002-01-16 18:40:56,Terminator 2: Judgment Day (1991),Action|Sci-Fi
7,590,4.0,2002-01-16 18:24:40,Dances with Wolves (1990),Adventure|Drama|Western
7,597,4.0,2002-01-16 19:05:38,Pretty Woman (1990),Comedy|Romance
7,674,2.0,2002-01-16 18:53:58,Barbarella (1968),Adventure|Comedy|Sci-Fi
7,708,3.0,2002-01-16 19:07:46,"Truth About Cats & Dogs, The (1996)",Comedy|Romance
7,736,3.0,2002-01-16 19:09:21,Twister (1996),Action|Adventure|Romance|Thriller
7,750,5.0,2002-01-16 18:44:19,Dr. Strangelove or: How I Learned to Stop Worrying and Love the Bomb (1964),Comedy|War
7,780,4.0,2002-01-16 18:48:18,Independence Day (a.k.a. ID4) (1996),Action|Adventure|Sci-Fi|Thriller
7,788,3.0,2002-01-16 19:15:27,"Nutty Professor, The (1996)",Comedy|Fantasy|Romance|Sci-Fi
7,806,1.0,2002-01-16 18:38:15,American Buffalo (1996),Crime|Drama
7,852,3.0,2002-01-16 19:04:49,Tin Cup (1996),Comedy|Drama|Romance
7,880,3.0,2002-01-16 18:54:30,"Island of Dr. Moreau, The (1996)",Sci-Fi|Thriller
7,899,4.0,2002-01-16 19:03:30,Singin' in the Rain (1952),Comedy|Musical|Romance
7,908,4.0,2002-01-16 18:08:30,North by Northwest (1959),Action|Adventure|Mystery|Romance|Thriller
7,912,5.0,2002-01-16 18:09:56,Casablanca (1942),Drama|Romance
7,914,3.0,2002-01-16 19:05:16,My Fair Lady (1964),Comedy|Drama|Musical|Romance
7,920,4.0,2002-01-16 19:01:40,Gone with the Wind (1939),Drama|Romance|War
7,922,3.0,2002-01-16 18:59:30,Sunset Blvd. (a.k.a. Sunset Boulevard) (1950),Drama|Film-Noir|Romance
7,924,3.0,2002-01-16 18:44:58,2001: A Space Odyssey (1968),Adventure|Drama|Sci-Fi
7,928,3.0,2002-01-16 19:02:55,Rebecca (1940),Drama|Mystery|Romance|Thriller
7,932,3.0,2002-01-16 19:03:50,"Affair to Remember, An (1957)",Drama|Romance
7,952,3.0,2002-01-16 18:41:38,Around the World in 80 Days (1956),Adventure|Comedy
7,1017,4.0,2002-01-16 18:24:41,Swiss Family Robinson (1960),Adventure|Children
7,1020,3.0,2002-01-16 18:22:13,Cool Runnings (1993),Comedy
7,1077,5.0,2002-01-16 18:48:18,Sleeper (1973),Comedy|Sci-Fi
7,1094,3.0,2002-01-16 19:07:18,"Crying Game, The (1992)",Drama|Romance|Thriller
7,1095,1.0,2002-01-16 18:23:42,Glengarry Glen Ross (1992),Drama
7,1097,4.0,2002-01-16 18:44:58,E.T. the Extra-Terrestrial (1982),Children|Drama|Sci-Fi
7,1101,3.0,2002-01-16 19:08:32,Top Gun (1986),Action|Romance
7,1183,3.0,2002-01-16 19:09:47,"English Patient, The (1996)",Drama|Romance|War
7,1196,5.0,2002-01-16 18:09:32,Star Wars: Episode V - The Empire Strikes Back (1980),Action|Adventure|Sci-Fi
7,1206,2.0,2002-01-16 18:45:32,"Clockwork Orange, A (1971)",Crime|Drama|Sci-Fi|Thriller
7,1210,5.0,2002-01-16 18:10:54,Star Wars: Episode VI - Return of the Jedi (1983),Action|Adventure|Sci-Fi
7,1230,3.0,2002-01-16 18:08:06,Annie Hall (1977),Comedy|Romance
7,1247,4.0,2002-01-16 19:00:43,"Graduate, The (1967)",Comedy|Drama|Romance
7,1253,4.0,2002-01-16 18:44:19,"Day the Earth Stood Still, The (1951)",Drama|Sci-Fi|Thriller
7,1256,5.0,2002-01-16 18:21:02,Duck Soup (1933),Comedy|Musical|War
7,1259,3.0,2002-01-16 18:23:42,Stand by Me (1986),Adventure|Drama
7,1265,4.0,2002-01-16 19:03:30,Groundhog Day (1993),Comedy|Fantasy|Romance
7,1270,4.0,2002-01-16 18:44:58,Back to the Future (1985),Adventure|Comedy|Sci-Fi
7,1271,4.0,2002-01-16 18:34:25,Fried Green Tomatoes (1991),Comedy|Crime|Drama
7,1272,4.0,2002-01-16 18:21:26,Patton (1970),Drama|War
7,1301,3.0,2002-01-16 18:45:32,Forbidden Planet (1956),Drama|Sci-Fi
7,1307,3.0,2002-01-16 19:01:40,When Harry Met Sally... (1989),Comedy|Romance
7,1343,3.0,2002-01-16 18:32:20,Cape Fear (1991),Thriller
7,1357,4.0,2002-01-16 19:04:20,Shine (1996),Drama|Romance
7,1385,4.0,2002-01-16 18:20:34,Under Siege (1992),Action|Drama|Thriller
7,1391,2.0,2002-01-16 18:50:19,Mars Attacks! (1996),Action|Comedy|Sci-Fi
7,1393,3.0,2002-01-16 19:03:30,Jerry Maguire (1996),Drama|Romance
7,1408,3.0,2002-01-16 19:09:21,"Last of the Mohicans, The (1992)",Action|Romance|War|Western
7,1409,2.0,2002-01-16 19:15:50,Michael (1996),Comedy|Drama|Fantasy|Romance
7,1441,3.0,2002-01-16 19:08:54,Benny & Joon (1993),Comedy|Romance
7,1449,4.0,2002-01-16 18:42:29,Waiting for Guffman (1996),Comedy
7,1466,3.0,2002-01-16 18:39:35,Donnie Brasco (1997),Crime|Drama
7,1513,2.0,2002-01-16 19:28:04,Romy and Michele's High School Reunion (1997),Comedy
7,1517,3.0,2002-01-16 18:33:18,Austin Powers: International Man of Mystery (1997),Action|Adventure|Comedy
7,1544,4.0,2002-01-16 18:51:19,"Lost World: Jurassic Park, The (1997)",Action|Adventure|Sci-Fi|Thriller
7,1573,3.0,2002-01-16 18:48:48,Face/Off (1997),Action|Crime|Drama|Thriller
7,1580,3.0,2002-01-16 18:47:12,Men in Black (a.k.a. MIB) (1997),Action|Comedy|Sci-Fi
7,1597,3.0,2002-01-16 19:11:03,Conspiracy Theory (1997),Drama|Mystery|Romance|Thriller
7,1617,3.0,2002-01-16 18:10:20,L.A. Confidential (1997),Crime|Film-Noir|Mystery|Thriller
7,1674,4.0,2002-01-16 19:02:29,Witness (1985),Drama|Romance|Thriller
7,1682,2.0,2002-01-16 18:36:57,"Truman Show, The (1998)",Comedy|Drama|Sci-Fi
7,1721,5.0,2002-01-16 19:06:05,Titanic (1997),Drama|Romance
7,1777,4.0,2002-01-16 19:05:38,"Wedding Singer, The (1998)",Comedy|Romance
7,1882,3.0,2002-01-16 18:55:11,Godzilla (1998),Action|Sci-Fi|Thriller
7,1888,3.0,2002-01-16 19:15:27,Hope Floats (1998),Comedy|Drama|Romance
7,1894,3.0,2002-01-16 19:14:47,Six Days Seven Nights (1998),Adventure|Comedy|Romance
7,1911,4.0,2002-01-16 19:24:56,Dr. Dolittle (1998),Comedy
7,1917,4.0,2002-01-16 18:48:18,Armageddon (1998),Action|Romance|Sci-Fi|Thriller
7,1932,3.0,2002-01-16 18:33:18,"Great Ziegfeld, The (1936)",Drama|Musical
7,1964,3.0,2002-01-16 18:22:35,Klute (1971),Drama|Mystery
7,2011,4.0,2002-01-16 18:50:19,Back to the Future Part II (1989),Adventure|Comedy|Sci-Fi
7,2012,4.0,2002-01-16 18:50:19,Back to the Future Part III (1990),Adventure|Comedy|Sci-Fi|Western
7,2013,3.0,2002-01-16 19:28:04,"Poseidon Adventure, The (1972)",Action|Adventure|Drama
7,2018,4.0,2002-01-16 18:28:18,Bambi (1942),Animation|Children|Drama
7,2028,5.0,2002-01-16 18:24:41,Saving Private Ryan (1998),Action|Drama|War
7,2054,3.0,2002-01-16 18:52:03,"Honey, I Shrunk the Kids (1989)",Adventure|Children|Comedy|Fantasy|Sci-Fi
7,2067,3.0,2002-01-16 19:01:40,Doctor Zhivago (1965),Drama|Romance|War
7,2080,4.0,2002-01-16 18:33:42,Lady and the Tramp (1955),Animation|Children|Comedy|Romance
7,2081,3.0,2002-01-16 18:41:38,"Little Mermaid, The (1989)",Animation|Children|Comedy|Musical|Romance
7,2108,3.0,2002-01-16 19:08:32,L.A. Story (1991),Comedy|Romance
7,2112,3.0,2002-01-16 18:41:38,Grand Canyon (1991),Crime|Drama
7,2125,3.0,2002-01-16 19:03:06,Ever After: A Cinderella Story (1998),Comedy|Drama|Romance
7,2146,3.0,2002-01-16 19:14:23,St. Elmo's Fire (1985),Drama|Romance
7,2195,2.0,2002-01-16 18:36:28,Dirty Work (1998),Comedy
7,2243,3.0,2002-01-16 18:23:42,Broadcast News (1987),Comedy|Drama|Romance
7,2266,2.0,2002-01-16 19:16:48,"Butcher's Wife, The (1991)",Comedy|Romance
7,2297,3.0,2002-01-16 18:24:12,What Dreams May Come (1998),Adventure|Drama|Fantasy|Romance
7,2311,3.0,2002-01-16 18:53:02,2010: The Year We Make Contact (1984),Sci-Fi
7,2316,3.0,2002-01-16 19:14:47,Practical Magic (1998),Drama|Fantasy|Mystery|Romance
7,2333,3.0,2002-01-16 19:26:01,Gods and Monsters (1998),Drama
7,2346,3.0,2002-01-16 18:50:52,"Stepford Wives, The (1975)",Mystery|Sci-Fi|Thriller
7,2363,3.0,2002-01-16 18:46:19,Godzilla (Gojira) (1954),Drama|Horror|Sci-Fi
7,2367,3.0,2002-01-16 18:35:57,King Kong (1976),Adventure|Fantasy|Romance|Sci-Fi|Thriller
7,2384,3.0,2002-01-16 18:29:03,Babe: Pig in the City (1998),Adventure|Children|Drama
7,2385,2.0,2002-01-16 19:17:17,Home Fries (1998),Comedy|Romance
7,2390,4.0,2002-01-16 19:26:58,Little Voice (1998),Comedy
7,2396,3.0,2002-01-16 19:02:02,Shakespeare in Love (1998),Comedy|Drama|Romance
7,2403,4.0,2002-01-16 18:42:29,First Blood (Rambo: First Blood) (1982),Action|Adventure|Drama|Thriller
7,2405,4.0,2002-01-16 19:09:47,"Jewel of the Nile, The (1985)",Action|Adventure|Comedy|Romance
7,2407,4.0,2002-01-16 18:29:47,Cocoon (1985),Comedy|Sci-Fi
7,2424,3.0,2002-01-16 19:10:20,You've Got Mail (1998),Comedy|Romance
7,2427,3.0,2002-01-16 18:36:28,"Thin Red Line, The (1998)",Action|Drama|War
7,2463,4.0,2002-01-16 18:39:06,Ruthless People (1986),Comedy
7,2468,2.0,2002-01-16 18:30:13,Jumpin' Jack Flash (1986),Action|Comedy|Romance|Thriller
7,2469,3.0,2002-01-16 18:31:00,Peggy Sue Got Married (1986),Comedy|Drama
7,2478,2.0,2002-01-16 18:31:22,¡Three Amigos! (1986),Comedy|Western
7,2498,2.0,2002-01-16 18:54:30,My Favorite Martian (1999),Comedy|Sci-Fi
7,2529,4.0,2002-01-16 18:45:32,Planet of the Apes (1968),Action|Drama|Sci-Fi
7,2535,3.0,2002-01-16 18:28:18,Earthquake (1974),Action|Drama|Thriller
7,2546,3.0,2002-01-16 19:23:56,"Deep End of the Ocean, The (1999)",Drama
7,2558,3.0,2002-01-16 19:16:48,Forces of Nature (1999),Comedy|Romance
7,2598,3.0,2002-01-16 19:28:04,Pushing Tin (1999),Comedy
7,2628,4.0,2002-01-16 18:48:18,Star Wars: Episode I - The Phantom Menace (1999),Action|Adventure|Sci-Fi
7,2633,3.0,2002-01-16 19:09:21,"Mummy, The (1932)",Horror|Romance
7,2640,4.0,2002-01-16 18:47:12,Superman (1978),Action|Adventure|Sci-Fi
7,2641,4.0,2002-01-16 18:48:48,Superman II (1980),Action|Sci-Fi
7,2642,3.0,2002-01-16 18:55:11,Superman III (1983),Action|Adventure|Sci-Fi
7,2654,4.0,2002-01-16 18:30:13,"Wolf Man, The (1941)",Drama|Fantasy|Horror
7,2657,2.0,2002-01-16 18:50:19,"Rocky Horror Picture Show, The (1975)",Comedy|Horror|Musical|Sci-Fi
7,2664,4.0,2002-01-16 18:51:41,Invasion of the Body Snatchers (1956),Horror|Sci-Fi|Thriller
7,2671,4.0,2002-01-16 19:06:40,Notting Hill (1999),Comedy|Romance
7,2683,3.0,2002-01-16 19:22:51,Austin Powers: The Spy Who Shagged Me (1999),Action|Adventure|Comedy
7,2694,3.0,2002-01-16 19:23:56,Big Daddy (1999),Comedy
7,2701,3.0,2002-01-16 18:23:42,Wild Wild West (1999),Action|Comedy|Sci-Fi|Western
7,2716,4.0,2002-01-16 19:26:01,Ghostbusters (a.k.a. Ghost Busters) (1984),Action|Comedy|Sci-Fi
7,2722,3.0,2002-01-16 18:54:30,Deep Blue Sea (1999),Action|Horror|Sci-Fi|Thriller
7,2723,3.0,2002-01-16 19:26:58,Mystery Men (1999),Action|Comedy|Fantasy
7,2734,2.0,2002-01-16 19:26:58,"Mosquito Coast, The (1986)",Adventure|Drama|Thriller
7,2752,4.0,2002-01-16 18:23:42,Outrageous Fortune (1987),Comedy|Mystery
7,2762,5.0,2002-01-16 19:29:08,"Sixth Sense, The (1999)",Drama|Horror|Mystery
7,2770,2.0,2002-01-16 19:23:56,Bowfinger (1999),Comedy
7,2858,3.0,2002-01-16 19:22:51,American Beauty (1999),Comedy|Drama
7,2861,3.0,2002-01-16 18:29:47,For Love of the Game (1999),Comedy|Drama
7,2881,4.0,2002-01-16 19:24:56,Double Jeopardy (1999),Action|Crime|Drama|Thriller
7,2908,4.0,2002-01-16 19:23:56,Boys Don't Cry (1999),Drama
7,2916,3.0,2002-01-16 18:47:12,Total Recall (1990),Action|Adventure|Sci-Fi|Thriller
7,2942,5.0,2002-01-16 18:38:41,Flashdance (1983),Drama|Romance
7,2950,3.0,2002-01-16 18:43:15,"Blue Lagoon, The (1980)",Adventure|Drama|Romance
7,2959,4.0,2002-01-16 19:24:56,Fight Club (1999),Action|Crime|Drama|Thriller
7,2968,2.0,2002-01-16 18:49:11,Time Bandits (1981),Adventure|Comedy|Fantasy|Sci-Fi
7,2987,4.0,2002-01-16 18:59:49,Who Framed Roger Rabbit? (1988),Adventure|Animation|Children|Comedy|Crime|Fantasy|Mystery
7,2993,4.0,2002-01-16 18:10:54,Thunderball (1965),Action|Adventure|Thriller
7,3004,2.0,2002-01-16 19:18:20,"Bachelor, The (1999)",Comedy|Romance
7,3032,2.0,2002-01-16 18:46:45,"Omega Man, The (1971)",Action|Drama|Sci-Fi|Thriller
7,3033,2.0,2002-01-16 18:50:52,Spaceballs (1987),Comedy|Sci-Fi
7,3037,4.0,2002-01-16 18:39:06,Little Big Man (1970),Western
7,3039,3.0,2002-01-16 18:25:21,Trading Places (1983),Comedy
7,3062,3.0,2002-01-16 18:10:54,"Longest Day, The (1962)",Action|Drama|War
7,3074,3.0,2002-01-16 18:34:52,Jeremiah Johnson (1972),Western
7,3081,2.0,2002-01-16 18:09:32,Sleepy Hollow (1999),Fantasy|Horror|Mystery|Romance
7,3086,4.0,2002-01-16 18:24:12,March of the Wooden Soldiers (a.k.a. Babes in Toyland) (1934),Children|Comedy|Fantasy
7,3103,2.0,2002-01-16 18:37:42,Stanley & Iris (1990),Drama|Romance
7,3108,3.0,2002-01-16 19:11:03,"Fisher King, The (1991)",Comedy|Drama|Fantasy|Romance
7,3118,3.0,2002-01-16 18:33:18,Tumbleweeds (1999),Drama
7,3156,3.0,2002-01-16 18:51:41,Bicentennial Man (1999),Drama|Romance|Sci-Fi
7,3175,2.0,2002-01-16 18:46:45,Galaxy Quest (1999),Adventure|Comedy|Sci-Fi
7,3176,2.0,2002-01-16 19:29:08,"Talented Mr. Ripley, The (1999)",Drama|Mystery|Thriller
7,3179,5.0,2002-01-16 19:22:51,Angela's Ashes (1999),Drama
7,3185,3.0,2002-01-16 19:29:08,Snow Falling on Cedars (1999),Drama
7,3194,4.0,2002-01-16 18:40:56,"Way We Were, The (1973)",Drama|Romance
7,3199,2.0,2002-01-16 19:04:20,Pal Joey (1957),Comedy|Drama|Musical|Romance
7,3219,2.0,2002-01-16 19:26:58,Pacific Heights (1990),Mystery|Thriller
7,3235,3.0,2002-01-16 18:27:55,Where the Buffalo Roam (1980),Comedy
7,3244,3.0,2002-01-16 19:06:40,"Goodbye Girl, The (1977)",Comedy|Romance
7,3334,3.0,2002-01-16 18:59:30,Key Largo (1948),Crime|Drama|Film-Noir|Thriller
7,3341,4.0,2002-01-16 18:29:03,Born Yesterday (1950),Comedy
7,3354,3.0,2002-01-16 18:53:02,Mission to Mars (2000),Sci-Fi
7,3363,4.0,2002-01-16 18:43:15,American Graffiti (1973),Comedy|Drama
7,3408,4.0,2002-01-16 19:24:56,Erin Brockovich (2000),Drama
7,3417,5.0,2002-01-16 18:44:58,"Crimson Pirate, The (1952)",Adventure|Comedy
7,3448,4.0,2002-01-16 18:34:52,"Good Morning, Vietnam (1987)",Comedy|Drama|War
7,3469,4.0,2002-01-16 18:10:20,Inherit the Wind (1960),Drama
7,3479,5.0,2002-01-16 19:05:16,Ladyhawke (1985),Adventure|Fantasy|Romance
7,3501,3.0,2002-01-16 19:11:58,Murphy's Romance (1985),Comedy|Romance
7,3510,4.0,2002-01-16 19:26:01,Frequency (2000),Drama|Thriller
7,3512,4.0,2002-01-16 19:28:04,Return to Me (2000),Drama|Romance
7,3524,4.0,2002-01-16 19:12:24,Arthur (1981),Comedy|Romance
7,3526,3.0,2002-01-16 18:41:38,Parenthood (1989),Comedy|Drama
7,3527,3.0,2002-01-16 18:47:44,Predator (1987),Action|Sci-Fi|Thriller
7,3528,2.0,2002-01-16 19:12:46,"Prince of Tides, The (1991)",Drama|Romance
7,3578,5.0,2002-01-16 19:26:01,Gladiator (2000),Action|Adventure|Drama
7,3593,2.0,2002-01-16 18:55:58,Battlefield Earth (2000),Action|Sci-Fi
7,3671,4.0,2002-01-16 18:40:56,Blazing Saddles (1974),Comedy|Western
7,3684,3.0,2002-01-16 19:08:54,"Fabulous Baker Boys, The (1989)",Drama|Romance
7,3699,4.0,2002-01-16 18:39:35,Starman (1984),Adventure|Drama|Romance|Sci-Fi
7,3701,3.0,2002-01-16 18:50:52,Alien Nation (1988),Crime|Drama|Sci-Fi|Thriller
7,3717,2.0,2002-01-16 19:26:01,Gone in 60 Seconds (2000),Action|Crime
7,3753,4.0,2002-01-16 19:28:04,"Patriot, The (2000)",Action|Drama|War
7,3754,2.0,2002-01-16 19:22:51,"Adventures of Rocky and Bullwinkle, The (2000)",Adventure|Animation|Children|Comedy|Fantasy
7,3793,4.0,2002-01-16 18:46:19,X-Men (2000),Action|Adventure|Sci-Fi
7,3798,2.0,2002-01-16 19:29:08,What Lies Beneath (2000),Drama|Horror|Mystery
7,3824,2.0,2002-01-16 19:22:51,Autumn in New York (2000),Drama|Romance
7,3826,4.0,2002-01-16 18:53:58,Hollow Man (2000),Horror|Sci-Fi|Thriller
7,3827,3.0,2002-01-16 18:49:37,Space Cowboys (2000),Action|Adventure|Comedy|Sci-Fi
7,3844,3.0,2002-01-16 18:33:42,Steel Magnolias (1989),Drama
7,3864,3.0,2002-01-16 18:51:19,Godzilla 2000 (Gojira ni-sen mireniamu) (1999),Action|Adventure|Sci-Fi
7,3911,4.0,2002-01-16 18:27:55,Best in Show (2000),Comedy
7,3926,3.0,2002-01-16 18:54:30,Voyage to the Bottom of the Sea (1961),Adventure|Sci-Fi
7,3932,4.0,2002-01-16 18:45:32,"Invisible Man, The (1933)",Horror|Sci-Fi
7,3959,4.0,2002-01-16 18:49:11,"Time Machine, The (1960)",Action|Adventure|Sci-Fi
7,3977,4.0,2002-01-16 19:23:56,Charlie's Angels (2000),Action|Comedy
7,3978,3.0,2002-01-16 19:04:20,"Legend of Bagger Vance, The (2000)",Drama|Romance
7,3987,4.0,2002-01-16 19:11:58,Bounce (2000),Drama|Romance
7,3988,4.0,2002-01-16 18:18:31,How the Grinch Stole Christmas (a.k.a. The Grinch) (2000),Children|Comedy|Fantasy
7,3994,3.0,2002-01-16 18:47:44,Unbreakable (2000),Drama|Sci-Fi
7,4018,3.0,2002-01-16 19:10:20,What Women Want (2000),Comedy|Romance
7,4019,4.0,2002-01-16 18:40:17,Finding Forrester (2000),Drama
7,4023,3.0,2002-01-16 19:06:05,"Family Man, The (2000)",Comedy|Drama|Romance
7,4041,4.0,2002-01-16 19:02:29,"Officer and a Gentleman, An (1982)",Drama|Romance
7,4062,3.0,2002-01-16 19:09:47,Mystic Pizza (1988),Comedy|Drama|Romance
7,4155,3.0,2002-01-16 19:11:58,Sweet November (2001),Drama|Romance
7,4186,4.0,2002-01-16 19:02:29,"Fortune Cookie, The (1966)",Comedy|Drama|Romance
7,4270,3.0,2002-01-16 18:24:12,"Mummy Returns, The (2001)",Action|Adventure|Comedy|Thriller
7,4306,5.0,2002-01-16 18:17:06,Shrek (2001),Adventure|Animation|Children|Comedy|Fantasy|Romance
7,4308,4.0,2002-01-16 18:17:06,Moulin Rouge (2001),Drama|Musical|Romance
7,4310,3.0,2002-01-16 18:17:49,Pearl Harbor (2001),Action|Drama|Romance|War
7,4317,3.0,2002-01-16 19:17:55,Love Potion #9 (1992),Comedy|Romance
7,4339,4.0,2002-01-16 18:21:26,Von Ryan's Express (1965),Action|Adventure|Drama|War
7,4349,3.0,2002-01-16 18:27:31,Catch-22 (1970),Comedy|War
7,4361,3.0,2002-01-16 19:02:29,Tootsie (1982),Comedy|Romance
7,4368,3.0,2002-01-16 18:17:49,Dr. Dolittle 2 (2001),Comedy
7,4370,2.0,2002-01-16 18:47:44,A.I. Artificial Intelligence (2001),Adventure|Drama|Sci-Fi
7,4464,2.0,2002-01-16 19:05:16,"Accidental Tourist, The (1988)",Comedy|Drama|Romance
7,4503,3.0,2002-01-16 19:14:23,Everybody's All-American (1988),Romance
7,4545,4.0,2002-01-16 18:34:52,Short Circuit (1986),Comedy|Sci-Fi
7,4603,2.0,2002-01-16 18:41:57,Her Alibi (1989),Comedy|Romance
7,4626,4.0,2002-01-16 18:53:25,Miracle Mile (1989),Drama|Romance|Sci-Fi
7,4638,4.0,2002-01-16 18:17:49,Jurassic Park III (2001),Action|Adventure|Sci-Fi|Thriller
7,4639,2.0,2002-01-16 18:18:09,America's Sweethearts (2001),Comedy|Romance
7,4643,4.0,2002-01-16 18:49:37,Planet of the Apes (2001),Action|Adventure|Drama|Sci-Fi
7,4661,2.0,2002-01-16 18:22:13,Sea of Love (1989),Crime|Drama|Thriller
7,4700,3.0,2002-01-16 18:25:21,"Princess Diaries, The (2001)",Children|Comedy|Romance
7,4736,3.0,2002-01-16 18:18:51,Summer Catch (2001),Comedy|Romance
7,4799,5.0,2002-01-16 18:22:13,"It's a Mad, Mad, Mad, Mad World (1963)",Comedy
7,4848,1.0,2002-01-16 18:12:27,Mulholland Drive (2001),Crime|Drama|Film-Noir|Mystery|Thriller
7,4867,4.0,2002-01-16 18:13:23,Riding in Cars with Boys (2001),Comedy|Drama
7,4874,4.0,2002-01-16 18:13:53,K-PAX (2001),Drama|Fantasy|Mystery|Sci-Fi
7,4896,3.0,2002-01-16 18:12:27,Harry Potter and the Sorcerer's Stone (a.k.a. Harry Potter and the Philosopher's Stone) (2001),Adventure|Children|Fantasy
7,4963,5.0,2002-01-16 18:12:53,Ocean's Eleven (2001),Crime|Thriller
7,4993,4.0,2002-01-16 18:12:27,"Lord of the Rings: The Fellowship of the Ring, The (2001)",Adventure|Fantasy
7,4994,4.0,2002-01-16 18:13:53,"Majestic, The (2001)",Comedy|Drama|Romance
7,4995,3.0,2002-01-16 18:14:39,"Beautiful Mind, A (2001)",Drama|Romance
7,5009,3.0,2002-01-16 18:14:59,Ali (2001),Drama
8,1,4.0,1996-06-05 13:37:51,Toy Story (1995),Adventure|Animation|Children|Comedy|Fantasy
8,3,5.0,1996-06-05 13:35:33,Grumpier Old Men (1995),Comedy|Romance
8,6,3.0,1996-06-05 13:50:31,Heat (1995),Action|Crime|Thriller
8,10,4.0,1996-06-05 13:37:14,GoldenEye (1995),Action|Adventure|Thriller
8,19,1.0,1996-06-05 13:38:38,Ace Ventura: When Nature Calls (1995),Comedy
8,21,4.0,1996-06-05 13:35:10,Get Shorty (1995),Comedy|Crime|Thriller
8,39,3.0,1996-06-05 13:39:23,Clueless (1995),Comedy|Romance
8,47,5.0,1996-06-05 13:38:16,Seven (a.k.a. Se7en) (1995),Mystery|Thriller
8,48,4.0,1996-06-05 13:43:17,Pocahontas (1995),Animation|Children|Drama|Musical|Romance
8,110,5.0,1996-06-05 13:37:50,Braveheart (1995),Action|Drama|War
8,150,4.0,1996-06-05 11:11:21,Apollo 13 (1995),Adventure|Drama|IMAX
8,153,3.0,1996-06-05 11:12:55,Batman Forever (1995),Action|Adventure|Comedy|Crime
8,161,4.0,1996-06-05 13:36:44,Crimson Tide (1995),Drama|Thriller|War
8,165,3.0,1996-06-05 11:12:55,Die Hard: With a Vengeance (1995),Action|Crime|Thriller
8,168,3.0,1996-06-05 13:42:58,First Knight (1995),Action|Drama|Romance
8,172,1.0,1996-06-05 13:42:58,Johnny Mnemonic (1995),Action|Sci-Fi|Thriller
8,173,3.0,1996-06-05 13:39:53,Judge Dredd (1995),Action|Crime|Sci-Fi
8,185,2.0,1996-06-12 13:41:01,"Net, The (1995)",Action|Crime|Thriller
8,207,4.0,1996-06-05 13:52:45,"Walk in the Clouds, A (1995)",Drama|Romance
8,208,3.0,1996-06-05 13:37:14,Waterworld (1995),Action|Adventure|Sci-Fi
8,231,3.0,1996-06-18 08:45:32,Dumb & Dumber (Dumb and Dumber) (1994),Adventure|Comedy
8,236,4.0,1996-06-05 13:40:13,French Kiss (1995),Action|Comedy|Romance
8,253,4.0,1996-06-05 13:37:14,Interview with the Vampire: The Vampire Chronicles (1994),Drama|Horror
8,266,5.0,1996-06-05 13:39:23,Legends of the Fall (1994),Drama|Romance|War|Western
8,276,3.0,1996-06-05 13:44:04,Milk Money (1994),Comedy|Romance
8,277,4.0,1996-06-05 13:44:05,Miracle on 34th Street (1994),Drama
8,288,5.0,1996-06-05 13:37:50,Natural Born Killers (1994),Action|Crime|Thriller
8,292,4.0,1996-06-05 13:37:14,Outbreak (1995),Action|Drama|Sci-Fi|Thriller
8,296,5.0,1996-06-05 11:11:21,Pulp Fiction (1994),Comedy|Crime|Drama|Thriller
8,316,2.0,1996-06-05 11:13:55,Stargate (1994),Action|Adventure|Sci-Fi
8,329,3.0,1996-06-05 11:13:55,Star Trek: Generations (1994),Adventure|Drama|Sci-Fi
8,338,2.0,1996-06-12 13:41:40,Virtuosity (1995),Action|Sci-Fi|Thriller
8,339,4.0,1996-06-05 13:37:14,While You Were Sleeping (1995),Comedy|Romance
8,344,3.0,1996-06-05 11:12:55,Ace Ventura: Pet Detective (1994),Comedy
8,349,5.0,1996-06-05 11:12:55,Clear and Present Danger (1994),Action|Crime|Drama|Thriller
8,350,4.0,1996-06-05 13:44:04,"Client, The (1994)",Drama|Mystery|Thriller
8,353,3.0,1996-06-05 13:51:23,"Crow, The (1994)",Action|Crime|Fantasy|Thriller
8,355,2.0,1996-06-05 13:53:28,"Flintstones, The (1994)",Children|Comedy|Fantasy
8,356,5.0,1996-06-05 13:44:19,Forrest Gump (1994),Comedy|Drama|Romance|War
8,357,4.0,1996-06-05 13:53:10,Four Weddings and a Funeral (1994),Comedy|Romance
8,364,4.0,1996-06-05 13:40:13,"Lion King, The (1994)",Adventure|Animation|Children|Drama|Musical|IMAX
8,367,3.0,1996-06-05 13:42:13,"Mask, The (1994)",Action|Comedy|Crime|Fantasy
8,372,4.0,1996-06-12 13:44:49,Reality Bites (1994),Comedy|Drama|Romance
8,377,4.0,1996-06-05 13:51:55,Speed (1994),Action|Romance|Thriller
8,380,4.0,1996-06-05 11:11:21,True Lies (1994),Action|Adventure|Comedy|Romance|Thriller
8,381,4.0,1996-06-05 13:51:08,When a Man Loves a Woman (1994),Drama|Romance
8,434,5.0,1996-06-05 13:36:44,Cliffhanger (1993),Action|Adventure|Thriller
8,442,4.0,1996-06-05 13:44:19,Demolition Man (1993),Action|Adventure|Sci-Fi
8,454,4.0,1996-06-18 08:46:43,"Firm, The (1993)",Drama|Thriller
8,457,5.0,1996-06-05 13:38:16,"Fugitive, The (1993)",Thriller
8,480,4.0,1996-06-05 13:50:48,Jurassic Park (1993),Action|Adventure|Sci-Fi|Thriller
8,500,4.0,1996-06-05 13:53:10,Mrs. Doubtfire (1993),Comedy|Drama
8,508,3.0,1996-06-05 13:55:57,Philadelphia (1993),Drama
8,527,5.0,1996-06-05 11:14:58,Schindler's List (1993),Drama|War
8,539,4.0,1996-06-05 13:54:20,Sleepless in Seattle (1993),Comedy|Drama|Romance
8,550,4.0,1996-06-12 13:44:34,Threesome (1994),Comedy|Romance
8,551,4.0,1996-06-05 13:51:08,"Nightmare Before Christmas, The (1993)",Animation|Children|Fantasy|Musical
8,552,3.0,1996-06-05 13:54:19,"Three Musketeers, The (1993)",Action|Adventure|Comedy|Romance
8,553,5.0,1996-06-05 13:40:13,Tombstone (1993),Action|Drama|Western
8,587,4.0,1996-06-05 13:54:49,Ghost (1990),Comedy|Drama|Fantasy|Romance|Thriller
8,588,3.0,1996-06-05 11:12:55,Aladdin (1992),Adventure|Animation|Children|Comedy|Musical
8,589,5.0,1996-06-05 13:51:08,Terminator 2: Judgment Day (1991),Action|Sci-Fi
8,590,5.0,1996-06-05 11:11:21,Dances with Wolves (1990),Adventure|Drama|Western
8,592,4.0,1996-06-05 11:11:21,Batman (1989),Action|Crime|Thriller
8,593,5.0,1996-06-05 13:38:16,"Silence of the Lambs, The (1991)",Crime|Horror|Thriller
8,595,3.0,1996-06-18 08:45:32,Beauty and the Beast (1991),Animation|Children|Fantasy|Musical|Romance|IMAX
8,597,5.0,1996-06-05 13:54:49,Pretty Woman (1990),Comedy|Romance
8,610,4.0,1996-06-05 13:35:10,Heavy Metal (1981),Action|Adventure|Animation|Horror|Sci-Fi
8,648,5.0,1996-06-12 13:41:55,Mission: Impossible (1996),Action|Adventure|Mystery|Thriller
8,733,4.0,1996-06-12 13:36:30,"Rock, The (1996)",Action|Adventure|Thriller
9,356,4.0,2001-07-01 20:26:38,Forrest Gump (1994),Comedy|Drama|Romance|War
9,858,5.0,2001-07-01 20:26:17,"Godfather, The (1972)",Crime|Drama
9,1219,3.0,2001-07-01 20:26:17,Psycho (1960),Crime|Horror
9,1911,3.0,2001-07-01 20:50:44,Dr. Dolittle (1998),Comedy
9,1923,4.0,2001-07-01 20:40:10,There's Something About Mary (1998),Comedy|Romance
9,1997,5.0,2001-07-01 20:43:51,"Exorcist, The (1973)",Horror|Mystery
9,2279,3.0,2001-07-01 20:27:20,Urban Legend (1998),Horror|Thriller
9,2605,2.0,2001-07-01 20:51:20,Entrapment (1999),Crime|Thriller
9,2683,3.0,2001-07-01 20:48:10,Austin Powers: The Spy Who Shagged Me (1999),Action|Adventure|Comedy
9,2688,3.0,2001-07-01 20:53:54,"General's Daughter, The (1999)",Crime|Drama|Mystery|Thriller
9,2706,4.0,2001-07-01 20:48:10,American Pie (1999),Comedy|Romance
9,2710,3.0,2001-07-01 20:48:36,"Blair Witch Project, The (1999)",Drama|Horror|Thriller
9,2719,2.0,2001-07-01 20:53:54,"Haunting, The (1999)",Horror|Thriller
9,2722,2.0,2001-07-01 20:50:44,Deep Blue Sea (1999),Action|Horror|Sci-Fi|Thriller
9,2840,3.0,2001-07-01 20:45:05,Stigmata (1999),Drama|Thriller
9,2841,4.0,2001-07-01 20:44:24,Stir of Echoes (1999),Horror|Mystery|Thriller
9,2959,5.0,2001-07-01 20:51:20,Fight Club (1999),Action|Crime|Drama|Thriller
9,3016,2.0,2001-07-01 20:50:44,Creepshow (1982),Horror
9,3785,2.0,2001-07-01 20:25:33,Scary Movie (2000),Comedy|Horror
9,3798,5.0,2001-07-01 20:46:19,What Lies Beneath (2000),Drama|Horror|Mystery
9,3857,3.0,2001-07-01 20:48:37,Bless the Child (2000),Thriller
9,3908,2.0,2001-07-01 20:41:18,Urban Legends: Final Cut (2000),Horror
9,3979,3.0,2001-07-01 20:31:16,Little Nicky (2000),Comedy
9,3994,3.0,2001-07-01 20:30:32,Unbreakable (2000),Drama|Sci-Fi
9,3999,2.0,2001-07-01 20:30:51,Vertical Limit (2000),Action|Adventure
9,4022,4.0,2001-07-01 20:28:40,Cast Away (2000),Drama
9,4030,2.0,2001-07-01 20:31:16,Dracula 2000 (2000),Horror
9,4034,1.0,2001-07-01 20:28:40,Traffic (2000),Crime|Drama|Thriller
9,4148,5.0,2001-07-01 20:43:00,Hannibal (2001),Horror|Thriller
9,4369,4.0,2001-07-01 20:34:16,"Fast and the Furious, The (2001)",Action|Crime|Thriller
9,4483,2.0,2001-07-01 20:38:01,Caddyshack II (1988),Comedy
9,4502,1.0,2001-07-01 20:37:28,Ernest Saves Christmas (1988),Children|Comedy
9,4509,3.0,2001-07-01 20:37:00,"Great Outdoors, The (1988)",Comedy
9,4519,2.0,2001-07-01 20:36:40,"Land Before Time, The (1988)",Adventure|Animation|Children|Fantasy
9,4533,3.0,2001-07-01 20:36:15,"Return of the Living Dead, The (1985)",Comedy|Horror|Sci-Fi
10,1,4.0,1999-11-25 02:44:47,Toy Story (1995),Adventure|Animation|Children|Comedy|Fantasy
10,11,4.0,1999-11-25 02:41:00,"American President, The (1995)",Comedy|Drama|Romance
10,25,4.0,1999-11-25 02:41:00,Leaving Las Vegas (1995),Drama|Romance
10,260,4.0,1999-11-25 02:36:16,Star Wars: Episode IV - A New Hope (1977),Action|Adventure|Sci-Fi
10,356,3.0,1999-11-25 02:32:02,Forrest Gump (1994),Comedy|Drama|Romance|War
10,527,5.0,1999-11-25 02:32:02,Schindler's List (1993),Drama|War
10,858,5.0,1999-11-25 02:37:19,"Godfather, The (1972)",Crime|Drama
10,912,4.0,1999-11-25 02:32:02,Casablanca (1942),Drama|Romance
10,969,4.0,1999-11-25 02:40:10,"African Queen, The (1951)",Adventure|Comedy|Romance|War
10,1094,3.0,1999-11-25 02:34:44,"Crying Game, The (1992)",Drama|Romance|Thriller
10,1136,4.0,1999-11-25 02:46:26,Monty Python and the Holy Grail (1975),Adventure|Comedy|Fantasy
10,1196,4.0,1999-11-25 02:33:00,Star Wars: Episode V - The Empire Strikes Back (1980),Action|Adventure|Sci-Fi
10,1198,4.0,1999-11-25 02:36:16,Raiders of the Lost Ark (Indiana Jones and the Raiders of the Lost Ark) (1981),Action|Adventure
10,1204,3.0,1999-11-25 02:32:02,Lawrence of Arabia (1962),Adventure|Drama|War
10,1208,4.0,1999-11-25 02:33:55,Apocalypse Now (1979),Action|Drama|War
10,1210,4.0,1999-11-25 02:40:10,Star Wars: Episode VI - Return of the Jedi (1983),Action|Adventure|Sci-Fi
10,1221,5.0,1999-11-25 02:38:22,"Godfather: Part II, The (1974)",Crime|Drama
10,1222,3.0,1999-11-25 02:33:55,Full Metal Jacket (1987),Drama|War
10,1230,4.0,1999-11-25 02:39:14,Annie Hall (1977),Comedy|Romance
10,1240,4.0,1999-11-25 02:38:22,"Terminator, The (1984)",Action|Sci-Fi|Thriller
10,1242,4.0,1999-11-25 02:33:55,Glory (1989),Drama|War
10,1247,5.0,1999-11-25 02:39:14,"Graduate, The (1967)",Comedy|Drama|Romance
10,1250,4.0,1999-11-25 02:33:00,"Bridge on the River Kwai, The (1957)",Adventure|Drama|War
10,1304,3.0,1999-11-25 02:46:26,Butch Cassidy and the Sundance Kid (1969),Action|Western
10,1387,5.0,1999-11-25 02:36:16,Jaws (1975),Action|Horror
10,1721,4.0,1999-11-25 02:40:10,Titanic (1997),Drama|Romance
10,1960,3.0,1999-11-25 02:33:00,"Last Emperor, The (1987)",Drama
10,2028,4.0,1999-11-25 02:33:00,Saving Private Ryan (1998),Action|Drama|War
10,2058,3.0,1999-11-25 02:36:16,"Negotiator, The (1998)",Action|Crime|Drama|Mystery|Thriller
10,2194,4.0,1999-11-25 02:38:22,"Untouchables, The (1987)",Action|Crime|Drama
10,2384,4.0,1999-11-25 02:43:58,Babe: Pig in the City (1998),Adventure|Children|Drama
10,2529,3.0,1999-11-25 02:36:16,Planet of the Apes (1968),Action|Drama|Sci-Fi
10,2657,4.0,1999-11-25 02:45:34,"Rocky Horror Picture Show, The (1975)",Comedy|Horror|Musical|Sci-Fi
10,2797,4.0,1999-11-25 02:45:34,Big (1988),Comedy|Drama|Fantasy|Romance
10,2944,4.0,1999-11-25 02:38:22,"Dirty Dozen, The (1967)",Action|Drama|War
10,2948,4.0,1999-11-25 02:38:22,From Russia with Love (1963),Action|Adventure|Thriller
10,3062,4.0,1999-11-25 02:37:19,"Longest Day, The (1962)",Action|Drama|War
10,3107,3.0,1999-11-25 02:36:16,Backdraft (1991),Action|Drama
11,1,4.5,2009-01-02 01:13:41,Toy Story (1995),Adventure|Animation|Children|Comedy|Fantasy
11,10,2.5,2009-01-02 01:15:59,GoldenEye (1995),Action|Adventure|Thriller
11,19,3.5,2009-01-01 04:21:44,Ace Ventura: When Nature Calls (1995),Comedy
11,32,5.0,2009-01-01 04:11:35,Twelve Monkeys (a.k.a. 12 Monkeys) (1995),Mystery|Sci-Fi|Thriller
11,39,4.5,2009-01-02 01:17:12,Clueless (1995),Comedy|Romance
11,65,2.0,2009-01-02 00:37:29,Bio-Dome (1996),Comedy
11,110,4.0,2009-01-01 23:49:08,Braveheart (1995),Action|Drama|War
11,145,3.0,2009-01-01 04:59:07,Bad Boys (1995),Action|Comedy|Crime|Drama|Thriller
11,150,5.0,2009-01-01 04:49:03,Apollo 13 (1995),Adventure|Drama|IMAX
11,153,3.5,2009-01-02 01:15:14,Batman Forever (1995),Action|Adventure|Comedy|Crime
11,158,4.0,2009-01-01 23:52:53,Casper (1995),Adventure|Children
11,160,4.0,2009-01-01 05:27:01,Congo (1995),Action|Adventure|Mystery|Sci-Fi
11,165,4.0,2009-01-02 01:15:00,Die Hard: With a Vengeance (1995),Action|Crime|Thriller
11,170,5.0,2009-01-01 04:02:14,Hackers (1995),Action|Adventure|Crime|Thriller
11,172,5.0,2009-01-01 05:30:04,Johnny Mnemonic (1995),Action|Sci-Fi|Thriller
11,173,5.0,2009-01-01 05:49:14,Judge Dredd (1995),Action|Crime|Sci-Fi
11,185,4.0,2009-01-02 01:16:55,"Net, The (1995)",Action|Crime|Thriller
11,208,4.5,2009-01-01 05:31:10,Waterworld (1995),Action|Adventure|Sci-Fi
11,231,4.0,2009-01-02 01:15:45,Dumb & Dumber (Dumb and Dumber) (1994),Adventure|Comedy
11,253,4.5,2009-01-02 01:16:36,Interview with the Vampire: The Vampire Chronicles (1994),Drama|Horror
11,256,5.0,2009-01-01 05:49:06,Junior (1994),Comedy|Sci-Fi
11,260,5.0,2009-01-01 05:26:00,Star Wars: Episode IV - A New Hope (1977),Action|Adventure|Sci-Fi
11,286,0.5,2009-01-01 05:30:31,Nemesis 2: Nebula (1995),Action|Sci-Fi|Thriller
11,296,3.5,2009-01-02 01:13:19,Pulp Fiction (1994),Comedy|Crime|Drama|Thriller
11,316,3.5,2009-01-01 05:41:36,Stargate (1994),Action|Adventure|Sci-Fi
11,318,5.0,2009-01-01 22:56:11,"Shawshank Redemption, The (1994)",Crime|Drama
11,344,3.5,2009-01-01 04:21:40,Ace Ventura: Pet Detective (1994),Comedy
11,356,5.0,2009-01-02 01:13:24,Forrest Gump (1994),Comedy|Drama|Romance|War
11,364,4.0,2009-01-02 01:15:19,"Lion King, The (1994)",Adventure|Animation|Children|Drama|Musical|IMAX
11,367,4.0,2009-01-02 01:15:54,"Mask, The (1994)",Action|Comedy|Crime|Fantasy
11,377,4.0,2009-01-02 01:14:40,Speed (1994),Action|Romance|Thriller
11,380,5.0,2009-08-25 03:27:37,True Lies (1994),Action|Adventure|Comedy|Romance|Thriller
11,384,3.5,2009-01-01 04:59:27,Bad Company (1995),Action|Crime|Drama
11,405,3.5,2009-01-01 05:27:43,Highlander III: The Sorcerer (a.k.a. Highlander: The Final Dimension) (1994),Action|Fantasy
11,410,4.0,2009-01-01 04:23:06,Addams Family Values (1993),Children|Comedy|Fantasy
11,441,1.5,2009-01-01 23:52:42,Dazed and Confused (1993),Comedy
11,442,4.5,2009-01-01 05:33:22,Demolition Man (1993),Action|Adventure|Sci-Fi
11,480,5.0,2009-01-01 05:45:13,Jurassic Park (1993),Action|Adventure|Sci-Fi|Thriller
11,500,4.5,2009-01-02 01:15:49,Mrs. Doubtfire (1993),Comedy|Drama
11,519,1.0,2009-01-01 05:26:31,RoboCop 3 (1993),Action|Crime|Drama|Sci-Fi|Thriller
